Title,Authors,Corporate Authors,Editors,Book Editors,Source Title,Publication Date,Publication Year,Volume,Issue,Part Number,Supplement,Special Issue,Beginning Page,Ending Page,Article Number,DOI,Conference Title,Conference Date,Total Citations,Average per Year,1900,1901,1902,1903,1904,1905,1906,1907,1908,1909,1910,1911,1912,1913,1914,1915,1916,1917,1918,1919,1920,1921,1922,1923,1924,1925,1926,1927,1928,1929,1930,1931,1932,1933,1934,1935,1936,1937,1938,1939,1940,1941,1942,1943,1944,1945,1946,1947,1948,1949,1950,1951,1952,1953,1954,1955,1956,1957,1958,1959,1960,1961,1962,1963,1964,1965,1966,1967,1968,1969,1970,1971,1972,1973,1974,1975,1976,1977,1978,1979,1980,1981,1982,1983,1984,1985,1986,1987,1988,1989,1990,1991,1992,1993,1994,1995,1996,1997,1998,1999,2000,2001,2002,2003,2004,2005,2006,2007,2008,2009,2010,2011,2012,2013,2014,2015,2016,2017,2018,2019
"Scorpine, an anti-malaria and anti-bacterial agent purified from scorpion venom","Conde, R; Zamudio, FZ; Rodriguez, MH; Possani, LD",,,,FEBS LETTERS,APR 14 2000,2000,471,3-Feb,,,,165,168,,10.1016/S0014-5793(00)01384-3,,,156,7.8,0,0,0,0,0,0,0,0,0,0,0,0,0,0,0,0,0,0,0,0,0,0,0,0,0,0,0,0,0,0,0,0,0,0,0,0,0,0,0,0,0,0,0,0,0,0,0,0,0,0,0,0,0,0,0,0,0,0,0,0,0,0,0,0,0,0,0,0,0,0,0,0,0,0,0,0,0,0,0,0,0,0,0,0,0,0,0,0,0,0,0,0,0,0,0,0,0,0,0,0,2,3,11,4,5,1,4,5,11,10,10,8,8,12,8,9,14,17,10,4
Bactericidal activity of Lys49 and Asp49 myotoxic phospholipases A(2) from Bothrops asper snake venom - Synthetic Lys49 myotoxin II-(115-129)-peptide identifies its bactericidal region,"Paramo, L; Lomonte, B; Pizarro-Cerda, J; Bengoechea, JA; Gorvel, JP; Moreno, E",,,,EUROPEAN JOURNAL OF BIOCHEMISTRY,Apr-98,1998,253,2,,,,452,461,,10.1046/j.1432-1327.1998.2530452.x,,,144,6.55,0,0,0,0,0,0,0,0,0,0,0,0,0,0,0,0,0,0,0,0,0,0,0,0,0,0,0,0,0,0,0,0,0,0,0,0,0,0,0,0,0,0,0,0,0,0,0,0,0,0,0,0,0,0,0,0,0,0,0,0,0,0,0,0,0,0,0,0,0,0,0,0,0,0,0,0,0,0,0,0,0,0,0,0,0,0,0,0,0,0,0,0,0,0,0,0,0,0,1,2,4,6,4,10,7,6,5,9,9,16,8,9,9,6,6,8,6,3,9,1
"Absorption of bacteria, toxins and snake venoms from the tissues - Importance of the lymphatic circulation","Barnes, JM; Trueta, J",,,,LANCET,1941,1941,1,,,,,623,626,,,,,109,1.38,0,0,0,0,0,0,0,0,0,0,0,0,0,0,0,0,0,0,0,0,0,0,0,0,0,0,0,0,0,0,0,0,0,0,0,0,0,0,0,0,0,2,2,6,5,5,2,2,0,2,1,1,3,1,1,1,0,2,1,0,1,4,1,1,2,2,1,1,3,3,0,1,1,3,1,5,1,2,0,2,1,2,2,0,1,1,1,2,0,0,1,2,0,2,1,1,0,2,1,0,0,2,0,1,0,2,4,0,0,0,0,1,1,2,2,0,0,1,1,0
AMINO-ACID-SEQUENCE SIMILARITY BETWEEN RABIES VIRUS GLYCOPROTEIN AND SNAKE-VENOM CURAREMIMETIC NEUROTOXINS,"LENTZ, TL; WILSON, PT; HAWROT, E; SPEICHER, DW",,,,SCIENCE,1984,1984,226,4676,,,,847,848,,10.1126/science.6494916,,,98,2.72,0,0,0,0,0,0,0,0,0,0,0,0,0,0,0,0,0,0,0,0,0,0,0,0,0,0,0,0,0,0,0,0,0,0,0,0,0,0,0,0,0,0,0,0,0,0,0,0,0,0,0,0,0,0,0,0,0,0,0,0,0,0,0,0,0,0,0,0,0,0,0,0,0,0,0,0,0,0,0,0,0,0,0,0,0,5,5,5,4,2,5,5,2,7,0,0,3,3,3,3,1,5,3,3,2,2,2,1,2,2,1,1,1,6,4,4,1,3,1,1
"Snake venom in relation to h ae emolysis, bacteriolysis, and toxicity.","Flexner, S; Noguchi, H",,,,JOURNAL OF EXPERIMENTAL MEDICINE,1901,1901,6,3,,,YRS 1901/5,277,301,,,,,77,0.65,0,0,0,1,0,0,1,0,0,0,1,0,1,0,0,0,0,1,0,0,0,1,0,1,0,0,0,1,0,0,2,0,1,0,0,0,0,1,0,0,1,1,0,0,0,0,0,0,0,0,0,0,0,0,1,0,0,0,0,0,0,1,0,1,0,1,1,0,0,1,2,2,1,1,1,1,4,1,3,0,3,3,2,2,3,0,1,1,1,0,1,1,0,0,0,0,0,0,0,0,1,1,1,2,1,0,2,3,2,0,1,0,0,1,1,2,0,4,0,1
"Antigenic, microbicidal and antiparasitic properties of an L-amino acid oxidase isolated from Bothrops jararaca snake venom","Ciscotto, P.; de Avila, R. A. Machado; Coelho, E. A. F.; Oliveira, J.; Diniz, C. G.; Farias, L. M.; de Carvalho, M. A. R.; Maria, W. S.; Sanchez, E. F.; Borges, A.; Chavez-Olortegui, C.",,,,TOXICON,MAR 1 2009,2009,53,3,,,,330,341,,10.1016/j.toxicon.2008.12.004,,,64,5.82,0,0,0,0,0,0,0,0,0,0,0,0,0,0,0,0,0,0,0,0,0,0,0,0,0,0,0,0,0,0,0,0,0,0,0,0,0,0,0,0,0,0,0,0,0,0,0,0,0,0,0,0,0,0,0,0,0,0,0,0,0,0,0,0,0,0,0,0,0,0,0,0,0,0,0,0,0,0,0,0,0,0,0,0,0,0,0,0,0,0,0,0,0,0,0,0,0,0,0,0,0,0,0,0,0,0,0,0,0,2,8,11,8,3,7,6,1,6,10,2
BACTERIOLOGY OF RATTLESNAKE VENOM AND IMPLICATIONS FOR THERAPY,"GOLDSTEIN, EJC; CITRON, DM; GONZALEZ, H; RUSSELL, FE; FINEGOLD, SM",,,,JOURNAL OF INFECTIOUS DISEASES,1979,1979,140,5,,,,818,821,,10.1093/infdis/140.5.818,,,59,1.44,0,0,0,0,0,0,0,0,0,0,0,0,0,0,0,0,0,0,0,0,0,0,0,0,0,0,0,0,0,0,0,0,0,0,0,0,0,0,0,0,0,0,0,0,0,0,0,0,0,0,0,0,0,0,0,0,0,0,0,0,0,0,0,0,0,0,0,0,0,0,0,0,0,0,0,0,0,0,0,0,0,2,0,1,1,1,0,0,0,2,3,1,0,0,1,0,1,4,2,1,0,1,4,0,2,3,3,2,0,3,3,6,2,3,0,3,1,0,2,1
"HYALURONIDASE POLYMORPHISM DETECTED BY POLYACRYLAMIDE-GEL ELECTROPHORESIS - APPLICATION TO HYALURONIDASES FROM BACTERIA, SLIME-MOLDS, BEE AND SNAKE-VENOMS, BOVINE TESTES, RAT-LIVER LYSOSOMES, AND HUMAN-SERUM","FISZERSZAFARZ, B",,,,ANALYTICAL BIOCHEMISTRY,1984,1984,143,1,,,,76,81,,10.1016/0003-2697(84)90560-8,,,57,1.58,0,0,0,0,0,0,0,0,0,0,0,0,0,0,0,0,0,0,0,0,0,0,0,0,0,0,0,0,0,0,0,0,0,0,0,0,0,0,0,0,0,0,0,0,0,0,0,0,0,0,0,0,0,0,0,0,0,0,0,0,0,0,0,0,0,0,0,0,0,0,0,0,0,0,0,0,0,0,0,0,0,0,0,0,0,1,1,1,2,3,1,1,6,4,2,2,3,4,0,3,2,5,2,2,1,2,1,1,0,0,0,0,0,1,2,1,1,0,1,1
Bactericidal and neurotoxic activities of two myotoxic phospholipases A(2) from Bothrops neuwiedi pauloensis snake venom,"Rodrigues, VM; Marcussi, S; Cambraia, RS; de Araujo, AL; Malta-Neto, NR; Hamaguchi, A; Ferro, EAV; Homsi-Brandeburgo, MI; Giglio, JR; Soares, AM",,,,TOXICON,SEP 1 2004,2004,44,3,,,,305,314,,10.1016/j.toxicon.2004.06.008,,,51,3.19,0,0,0,0,0,0,0,0,0,0,0,0,0,0,0,0,0,0,0,0,0,0,0,0,0,0,0,0,0,0,0,0,0,0,0,0,0,0,0,0,0,0,0,0,0,0,0,0,0,0,0,0,0,0,0,0,0,0,0,0,0,0,0,0,0,0,0,0,0,0,0,0,0,0,0,0,0,0,0,0,0,0,0,0,0,0,0,0,0,0,0,0,0,0,0,0,0,0,0,0,0,0,0,0,0,1,3,4,3,2,5,2,4,3,2,7,4,5,4,2
DETOXIFICATION BY PERSIMMON TANNIN OF SNAKE-VENOMS AND BACTERIAL TOXINS,"OKONOGI, T; HATTORI, Z; OGISO, A; MITSUI, S",,,,TOXICON,1979,1979,17,5,,,,524,527,,10.1016/0041-0101(79)90287-3,,,51,1.24,0,0,0,0,0,0,0,0,0,0,0,0,0,0,0,0,0,0,0,0,0,0,0,0,0,0,0,0,0,0,0,0,0,0,0,0,0,0,0,0,0,0,0,0,0,0,0,0,0,0,0,0,0,0,0,0,0,0,0,0,0,0,0,0,0,0,0,0,0,0,0,0,0,0,0,0,0,0,0,0,1,0,0,0,0,2,0,2,0,2,1,0,1,1,1,0,0,2,2,0,3,1,0,1,2,5,2,2,2,4,3,3,1,2,2,2,0,1,0,0
SYNTHETIC PEPTIDES CORRESPONDING TO SEQUENCES OF SNAKE-VENOM NEUROTOXINS AND RABIES VIRUS GLYCOPROTEIN BIND TO THE NICOTINIC ACETYLCHOLINE-RECEPTOR,"LENTZ, TL; HAWROT, E; WILSON, PT",,,,PROTEINS-STRUCTURE FUNCTION AND GENETICS,1987,1987,2,4,,,,298,307,,10.1002/prot.340020406,,,50,1.52,0,0,0,0,0,0,0,0,0,0,0,0,0,0,0,0,0,0,0,0,0,0,0,0,0,0,0,0,0,0,0,0,0,0,0,0,0,0,0,0,0,0,0,0,0,0,0,0,0,0,0,0,0,0,0,0,0,0,0,0,0,0,0,0,0,0,0,0,0,0,0,0,0,0,0,0,0,0,0,0,0,0,0,0,0,0,0,0,4,4,3,4,1,4,0,1,0,1,0,0,1,1,3,1,1,2,0,1,0,1,2,2,0,2,2,1,0,3,4,1
"L-Amino acid oxidase from Vipera lebetina venom: Isolation, characterization, effects on platelets and bacteria","Tonismagi, Kulli; Samel, Mari; Trummal, Katrin; Ronnholm, Gunilla; Siigur, Juri; Kalkkinen, Nisse; Siigur, Ene",,,,TOXICON,6-Aug,2006,48,2,,,,227,237,,10.1016/j.toxicon.2006.05.004,,,49,3.5,0,0,0,0,0,0,0,0,0,0,0,0,0,0,0,0,0,0,0,0,0,0,0,0,0,0,0,0,0,0,0,0,0,0,0,0,0,0,0,0,0,0,0,0,0,0,0,0,0,0,0,0,0,0,0,0,0,0,0,0,0,0,0,0,0,0,0,0,0,0,0,0,0,0,0,0,0,0,0,0,0,0,0,0,0,0,0,0,0,0,0,0,0,0,0,0,0,0,0,0,0,0,0,0,0,0,0,3,2,9,3,9,4,3,7,1,1,1,3,3
"Expressions of recombinant venom allergen, antigen 5 of yellowjacket (Vespula vulgaris) and paper wasp (Polistes annularis), in bacteria or yeast","Monsalve, RI; Lu, G; King, TP",,,,PROTEIN EXPRESSION AND PURIFICATION,Aug-99,1999,16,3,,,,410,416,,10.1006/prep.1999.1082,,,49,2.33,0,0,0,0,0,0,0,0,0,0,0,0,0,0,0,0,0,0,0,0,0,0,0,0,0,0,0,0,0,0,0,0,0,0,0,0,0,0,0,0,0,0,0,0,0,0,0,0,0,0,0,0,0,0,0,0,0,0,0,0,0,0,0,0,0,0,0,0,0,0,0,0,0,0,0,0,0,0,0,0,0,0,0,0,0,0,0,0,0,0,0,0,0,0,0,0,0,0,0,0,5,4,4,2,2,6,2,3,1,2,3,4,3,0,0,1,3,1,3,0
Cloning and Identification of a Complete cDNA Coding for a Bactericidal and Antitumoral Acidic Phospholipase A(2) from Bothrops jararacussu Venom,"Roberto, Patricia G.; Kashima, Simone; Marcussi, Silvana; Pereira, Jose O.; Astolfi-Filho, Spartaco; Nomizo, Auro; Giglio, Jose R.; Fontes, Marcos R. M.; Soares, Andreimar M.; Franca, Suzelei C.",,,,PROTEIN JOURNAL,4-May,2004,23,4,,,,273,285,,10.1023/B:JOPC.0000027852.92208.60,,,45,2.81,0,0,0,0,0,0,0,0,0,0,0,0,0,0,0,0,0,0,0,0,0,0,0,0,0,0,0,0,0,0,0,0,0,0,0,0,0,0,0,0,0,0,0,0,0,0,0,0,0,0,0,0,0,0,0,0,0,0,0,0,0,0,0,0,0,0,0,0,0,0,0,0,0,0,0,0,0,0,0,0,0,0,0,0,0,0,0,0,0,0,0,0,0,0,0,0,0,0,0,0,0,0,0,0,1,2,4,3,3,3,6,1,1,5,2,4,2,2,4,2
INACTIVATION OF HUMAN-PLASMA SERINE PROTEINASE-INHIBITORS (SERPINS) BY LIMITED PROTEOLYSIS OF THE REACTIVE SITE LOOP WITH SNAKE-VENOM AND BACTERIAL METALLOPROTEINASES,"KRESS, LF",,,,JOURNAL OF CELLULAR BIOCHEMISTRY,1986,1986,32,1,,,,51,58,,10.1002/jcb.240320106,,,45,1.32,0,0,0,0,0,0,0,0,0,0,0,0,0,0,0,0,0,0,0,0,0,0,0,0,0,0,0,0,0,0,0,0,0,0,0,0,0,0,0,0,0,0,0,0,0,0,0,0,0,0,0,0,0,0,0,0,0,0,0,0,0,0,0,0,0,0,0,0,0,0,0,0,0,0,0,0,0,0,0,0,0,0,0,0,0,0,0,1,2,4,4,3,4,3,5,3,0,1,4,0,3,0,0,1,1,0,0,0,2,0,0,1,0,3,0,0,0,0,0,0
Bactericidal and antiendotoxic properties of short cationic peptides derived from a snake venom Lys49 phospholipase A(2),"Santamaria, C; Larios, S; Quiros, S; Pizarro-Cerda, J; Gorvel, JP; Lomonte, B; Moreno, E",,,,ANTIMICROBIAL AGENTS AND CHEMOTHERAPY,5-Apr,2005,49,4,,,,1340,1345,,10.1128/AAc.49.4.1340-1345.2005,,,44,2.93,0,0,0,0,0,0,0,0,0,0,0,0,0,0,0,0,0,0,0,0,0,0,0,0,0,0,0,0,0,0,0,0,0,0,0,0,0,0,0,0,0,0,0,0,0,0,0,0,0,0,0,0,0,0,0,0,0,0,0,0,0,0,0,0,0,0,0,0,0,0,0,0,0,0,0,0,0,0,0,0,0,0,0,0,0,0,0,0,0,0,0,0,0,0,0,0,0,0,0,0,0,0,0,0,0,0,1,4,3,5,3,1,2,3,5,2,4,4,4,3
Bothrops asper and Bothrops jararaca snake venoms trigger microbicidal functions of peritoneal leukocytes in vivo,"Zamuner, SR; Gutierrez, JM; Muscara, MN; Teixeira, SA; Teixeira, CFP",,,,TOXICON,1-Oct,2001,39,10,,,,1505,1513,,10.1016/S0041-0101(01)00123-4,,,43,2.26,0,0,0,0,0,0,0,0,0,0,0,0,0,0,0,0,0,0,0,0,0,0,0,0,0,0,0,0,0,0,0,0,0,0,0,0,0,0,0,0,0,0,0,0,0,0,0,0,0,0,0,0,0,0,0,0,0,0,0,0,0,0,0,0,0,0,0,0,0,0,0,0,0,0,0,0,0,0,0,0,0,0,0,0,0,0,0,0,0,0,0,0,0,0,0,0,0,0,0,0,0,0,1,2,0,4,3,5,2,4,1,1,2,2,1,3,5,4,2,1
Virus-like particles in venom of Meteorus pulchricornis induce host hemocyte apoptosis,"Suzuki, M.; Tanaka, T.",,,,JOURNAL OF INSECT PHYSIOLOGY,6-Jun,2006,52,6,,,,602,613,,10.1016/j.jinsphys.2006.02.009,,,42,3,0,0,0,0,0,0,0,0,0,0,0,0,0,0,0,0,0,0,0,0,0,0,0,0,0,0,0,0,0,0,0,0,0,0,0,0,0,0,0,0,0,0,0,0,0,0,0,0,0,0,0,0,0,0,0,0,0,0,0,0,0,0,0,0,0,0,0,0,0,0,0,0,0,0,0,0,0,0,0,0,0,0,0,0,0,0,0,0,0,0,0,0,0,0,0,0,0,0,0,0,0,0,0,0,0,0,0,1,2,6,4,3,9,3,1,3,2,3,4,1
EFFECT OF FIRE ANT (SOLENOPSIS-INVICTA) VENOM ALKALOIDS ON THE INVITRO GERMINATION AND DEVELOPMENT OF SELECTED ENTOMOGENOUS FUNGI,"STOREY, GK; VANDERMEER, RK; BOUCIAS, DG; MCCOY, CW",,,,JOURNAL OF INVERTEBRATE PATHOLOGY,Jul-91,1991,58,1,,,,88,95,,10.1016/0022-2011(91)90166-N,,,41,1.41,0,0,0,0,0,0,0,0,0,0,0,0,0,0,0,0,0,0,0,0,0,0,0,0,0,0,0,0,0,0,0,0,0,0,0,0,0,0,0,0,0,0,0,0,0,0,0,0,0,0,0,0,0,0,0,0,0,0,0,0,0,0,0,0,0,0,0,0,0,0,0,0,0,0,0,0,0,0,0,0,0,0,0,0,0,0,0,0,0,0,0,0,0,0,0,1,0,1,0,1,0,0,2,2,3,1,1,1,0,2,0,5,6,3,2,2,5,3,0,0
ANTIBACTERIAL ACTIVITY OF CROTALID VENOMS AGAINST ORAL SNAKE FLORA AND OTHER CLINICAL BACTERIA,"TALAN, DA; CITRON, DM; OVERTURF, GD; SINGER, B; FROMAN, P; GOLDSTEIN, EJC",,,,JOURNAL OF INFECTIOUS DISEASES,Jul-91,1991,164,1,,,,195,198,,10.1093/infdis/164.1.195,,,39,1.34,0,0,0,0,0,0,0,0,0,0,0,0,0,0,0,0,0,0,0,0,0,0,0,0,0,0,0,0,0,0,0,0,0,0,0,0,0,0,0,0,0,0,0,0,0,0,0,0,0,0,0,0,0,0,0,0,0,0,0,0,0,0,0,0,0,0,0,0,0,0,0,0,0,0,0,0,0,0,0,0,0,0,0,0,0,0,0,0,0,0,0,0,0,0,1,0,0,2,0,0,1,0,1,1,0,2,2,2,0,3,1,4,1,3,5,4,0,3,3,0
"Bacterial production of latarcin 2a, a potent antimicrobial peptide from spider venom","Shlyapnikov, Yuri M.; Andreev, Yaroslav A.; Kozlov, Sergey A.; Vassilevski, Alexander A.; Grishin, Eugene V.",,,,PROTEIN EXPRESSION AND PURIFICATION,8-Jul,2008,60,1,,,,89,95,,10.1016/j.pep.2008.03.011,,,36,3,0,0,0,0,0,0,0,0,0,0,0,0,0,0,0,0,0,0,0,0,0,0,0,0,0,0,0,0,0,0,0,0,0,0,0,0,0,0,0,0,0,0,0,0,0,0,0,0,0,0,0,0,0,0,0,0,0,0,0,0,0,0,0,0,0,0,0,0,0,0,0,0,0,0,0,0,0,0,0,0,0,0,0,0,0,0,0,0,0,0,0,0,0,0,0,0,0,0,0,0,0,0,0,0,0,0,0,0,0,7,1,3,4,4,4,3,3,4,3,0
BACTERIOLOGICAL STUDIES OF THE VENOM AND MOUTH CAVITIES OF WILD MALAYAN PIT VIPERS (CALLOSELASMA-RHODOSTOMA) IN SOUTHERN THAILAND,"THEAKSTON, RDG; PHILLIPS, RE; LOOAREESUWAN, S; ECHEVERRIA, P; MAKIN, T; WARRELL, DA",,,,TRANSACTIONS OF THE ROYAL SOCIETY OF TROPICAL MEDICINE AND HYGIENE,NOV-DEC 1990,1990,84,6,,,,875,879,,10.1016/0035-9203(90)90112-R,,,34,1.13,0,0,0,0,0,0,0,0,0,0,0,0,0,0,0,0,0,0,0,0,0,0,0,0,0,0,0,0,0,0,0,0,0,0,0,0,0,0,0,0,0,0,0,0,0,0,0,0,0,0,0,0,0,0,0,0,0,0,0,0,0,0,0,0,0,0,0,0,0,0,0,0,0,0,0,0,0,0,0,0,0,0,0,0,0,0,0,0,0,0,0,0,1,0,2,0,0,1,2,1,0,1,2,1,1,1,0,0,0,2,2,3,1,2,0,4,1,3,1,2
A synthesized cationic tetradecapeptide from hornet venom kills bacteria and neutralizes lipopolysaccharide in vivo and in vitro,"Guo, YB; Zheng, J; Zhou, G; Lv, GF; Wang, LX; Wei, G; Lu, YL",,,,BIOCHEMICAL PHARMACOLOGY,JUL 15 2005,2005,70,2,,,,209,219,,10.1016/j.bcp.2005.04.040,,,33,2.2,0,0,0,0,0,0,0,0,0,0,0,0,0,0,0,0,0,0,0,0,0,0,0,0,0,0,0,0,0,0,0,0,0,0,0,0,0,0,0,0,0,0,0,0,0,0,0,0,0,0,0,0,0,0,0,0,0,0,0,0,0,0,0,0,0,0,0,0,0,0,0,0,0,0,0,0,0,0,0,0,0,0,0,0,0,0,0,0,0,0,0,0,0,0,0,0,0,0,0,0,0,0,0,0,0,0,4,0,6,2,3,1,3,3,4,2,2,0,2,1
"Virucidal activity of a scorpion venom peptide variant mucroporin-M1 against measles, SARS-CoV and influenza H5N1 viruses","Li, Qiaoli; Zhao, Zhenhuan; Zhou, Dihan; Chen, Yaoqing; Hong, Wei; Cao, Luyang; Yang, Jingyi; Zhang, Yan; Shi, Wei; Cao, Zhijian; Wu, Yingliang; Yan, Huimin; Li, Wenxin",,,,PEPTIDES,11-Jul,2011,32,7,,,,1518,1525,,10.1016/j.peptides.2011.05.015,,,31,3.44,0,0,0,0,0,0,0,0,0,0,0,0,0,0,0,0,0,0,0,0,0,0,0,0,0,0,0,0,0,0,0,0,0,0,0,0,0,0,0,0,0,0,0,0,0,0,0,0,0,0,0,0,0,0,0,0,0,0,0,0,0,0,0,0,0,0,0,0,0,0,0,0,0,0,0,0,0,0,0,0,0,0,0,0,0,0,0,0,0,0,0,0,0,0,0,0,0,0,0,0,0,0,0,0,0,0,0,0,0,0,0,0,4,4,4,3,5,6,4,1
Antibacterial activity of six novel peptides from Tityus discrepans scorpion venom. A fluorescent probe study of microbial membrane Na+ permeability changes,"Diaz, Patricia; D'Suze, Gina; Salazar, Victor; Sevcik, Carlos; Shannon, John D.; Sherman, Nicholas E.; Fox, Jay W.",,,,TOXICON,9-Nov,2009,54,6,,,,802,817,,10.1016/j.toxicon.2009.06.014,,,31,2.82,0,0,0,0,0,0,0,0,0,0,0,0,0,0,0,0,0,0,0,0,0,0,0,0,0,0,0,0,0,0,0,0,0,0,0,0,0,0,0,0,0,0,0,0,0,0,0,0,0,0,0,0,0,0,0,0,0,0,0,0,0,0,0,0,0,0,0,0,0,0,0,0,0,0,0,0,0,0,0,0,0,0,0,0,0,0,0,0,0,0,0,0,0,0,0,0,0,0,0,0,0,0,0,0,0,0,0,0,0,0,0,1,3,1,5,2,6,4,6,3
Pharmacological synergism of bee venom and melittin with antibiotics and plant secondary metabolites against multi-drug resistant microbial pathogens,"Al-Ani, Issam; Zimmermann, Stefan; Reichling, Juergen; Wink, Michael",,,,PHYTOMEDICINE,FEB 15 2015,2015,22,2,,,,245,255,,10.1016/j.phymed.2014.11.019,,,30,6,0,0,0,0,0,0,0,0,0,0,0,0,0,0,0,0,0,0,0,0,0,0,0,0,0,0,0,0,0,0,0,0,0,0,0,0,0,0,0,0,0,0,0,0,0,0,0,0,0,0,0,0,0,0,0,0,0,0,0,0,0,0,0,0,0,0,0,0,0,0,0,0,0,0,0,0,0,0,0,0,0,0,0,0,0,0,0,0,0,0,0,0,0,0,0,0,0,0,0,0,0,0,0,0,0,0,0,0,0,0,0,0,0,0,0,0,7,10,10,3
OXIDATIVE DEAMINATION OF SULFUR AMINO ACIDS BY BACTERIAL AND SNAKE VENOM L-AMINO ACID OXIDASE,"CHEN, S; WALGATE, JH; DUERRE, JA",,,,ARCHIVES OF BIOCHEMISTRY AND BIOPHYSICS,1971,1971,146,1,,,,54,&,,10.1016/S0003-9861(71)80040-1,,,30,0.61,0,0,0,0,0,0,0,0,0,0,0,0,0,0,0,0,0,0,0,0,0,0,0,0,0,0,0,0,0,0,0,0,0,0,0,0,0,0,0,0,0,0,0,0,0,0,0,0,0,0,0,0,0,0,0,0,0,0,0,0,0,0,0,0,0,0,0,0,0,0,0,0,1,2,1,2,0,0,0,0,0,2,3,3,0,1,0,0,0,4,0,0,0,0,1,0,0,1,0,0,1,3,0,0,1,0,0,0,1,0,1,0,0,0,2,0,0,0,0,0
"ON THE MECHANISM OF INVASION .2. PROINVASIN-I, AN ENZYME IN PATHOGENIC BACTERIA AND IN VENOMS","HAAS, E",,,,JOURNAL OF BIOLOGICAL CHEMISTRY,1946,1946,163,1,,,,89,99,,,,,30,0.41,0,0,0,0,0,0,0,0,0,0,0,0,0,0,0,0,0,0,0,0,0,0,0,0,0,0,0,0,0,0,0,0,0,0,0,0,0,0,0,0,0,0,0,0,0,0,1,5,4,6,5,2,1,2,2,1,0,0,0,0,0,0,0,0,0,0,0,0,0,0,0,0,0,0,0,0,0,1,0,0,0,0,0,0,0,0,0,0,0,0,0,0,0,0,0,0,0,0,0,0,0,0,0,0,0,0,0,0,0,0,0,0,0,0,0,0,0,0,0,0
Identification and characterization of a phospholipase A(2) from the venom of the Saw-scaled viper: Novel bactericidal and membrane damaging activities,"Samy, Ramar Perumal; Gopalakrishnakone, P.; Bow, Ho; Puspharaj, Peter N.; Chow, Vincent T. K.",,,,BIOCHIMIE,10-Dec,2010,92,12,,,,1854,1866,,10.1016/j.biochi.2010.07.012,,,29,2.9,0,0,0,0,0,0,0,0,0,0,0,0,0,0,0,0,0,0,0,0,0,0,0,0,0,0,0,0,0,0,0,0,0,0,0,0,0,0,0,0,0,0,0,0,0,0,0,0,0,0,0,0,0,0,0,0,0,0,0,0,0,0,0,0,0,0,0,0,0,0,0,0,0,0,0,0,0,0,0,0,0,0,0,0,0,0,0,0,0,0,0,0,0,0,0,0,0,0,0,0,0,0,0,0,0,0,0,0,0,0,0,1,2,5,5,5,2,8,1,0
A bactericidal homodimeric phospholipases A(2) from Bungarus fasciatus venom,"Xu, Chunhua; Ma, Dongying; Yu, Haining; Li, Zongjie; Liang, Jianguo; Lin, Guoqing; Zhang, Yun; Lai, Ren",,,,PEPTIDES,7-May,2007,28,5,,,,969,973,,10.1016/j.peptides.2007.02.008,,,29,2.23,0,0,0,0,0,0,0,0,0,0,0,0,0,0,0,0,0,0,0,0,0,0,0,0,0,0,0,0,0,0,0,0,0,0,0,0,0,0,0,0,0,0,0,0,0,0,0,0,0,0,0,0,0,0,0,0,0,0,0,0,0,0,0,0,0,0,0,0,0,0,0,0,0,0,0,0,0,0,0,0,0,0,0,0,0,0,0,0,0,0,0,0,0,0,0,0,0,0,0,0,0,0,0,0,0,0,0,2,3,2,3,2,1,3,2,1,0,3,4,3
Inhibitory activity and mechanism of two scorpion venom peptides against herpes simplex virus type 1,"Hong, Wei; Li, Tian; Song, Yu; Zhang, Runhong; Zeng, Zhengyang; Han, Shisong; Zhang, Xinzheng; Wu, Yingliang; Li, Wenxin; Cao, Zhijian",,,,ANTIVIRAL RESEARCH,14-Feb,2014,102,,,,,1,10,,10.1016/j.antiviral.2013.11.013,,,27,4.5,0,0,0,0,0,0,0,0,0,0,0,0,0,0,0,0,0,0,0,0,0,0,0,0,0,0,0,0,0,0,0,0,0,0,0,0,0,0,0,0,0,0,0,0,0,0,0,0,0,0,0,0,0,0,0,0,0,0,0,0,0,0,0,0,0,0,0,0,0,0,0,0,0,0,0,0,0,0,0,0,0,0,0,0,0,0,0,0,0,0,0,0,0,0,0,0,0,0,0,0,0,0,0,0,0,0,0,0,0,0,0,0,0,0,2,7,3,7,6,2
PROTEIN ROTATIONAL DIFFUSION MEASUREMENTS ON THE INTERACTION OF BEE VENOM MELITTIN WITH BACTERIORHODOPSIN IN LIPID VESICLES,"HU, KS; DUFTON, MJ; MORRISON, IEG; CHERRY, RJ",,,,BIOCHIMICA ET BIOPHYSICA ACTA,1985,1985,816,2,,,,358,364,,10.1016/0005-2736(85)90503-6,,,27,0.77,0,0,0,0,0,0,0,0,0,0,0,0,0,0,0,0,0,0,0,0,0,0,0,0,0,0,0,0,0,0,0,0,0,0,0,0,0,0,0,0,0,0,0,0,0,0,0,0,0,0,0,0,0,0,0,0,0,0,0,0,0,0,0,0,0,0,0,0,0,0,0,0,0,0,0,0,0,0,0,0,0,0,0,0,0,0,1,0,2,1,3,2,2,1,1,4,2,2,0,0,0,1,2,0,1,0,0,1,0,1,0,0,0,0,0,0,0,0,0,0
Antimicrobial peptides from arachnid venoms and their microbicidal activity in the presence of commercial antibiotics,"Garcia, Francia; Villegas, Elba; Pavel Espino-Solis, Gerardo; Rodriguez, Alexis; Paniagua-Solis, Jorge F.; Sandoval-Lopez, Gabriel; Possani, Lourival D.; Corzo, Gerardo",,,,JOURNAL OF ANTIBIOTICS,13-Jan,2013,66,1,,,,3,10,,10.1038/ja.2012.87,,,24,3.43,0,0,0,0,0,0,0,0,0,0,0,0,0,0,0,0,0,0,0,0,0,0,0,0,0,0,0,0,0,0,0,0,0,0,0,0,0,0,0,0,0,0,0,0,0,0,0,0,0,0,0,0,0,0,0,0,0,0,0,0,0,0,0,0,0,0,0,0,0,0,0,0,0,0,0,0,0,0,0,0,0,0,0,0,0,0,0,0,0,0,0,0,0,0,0,0,0,0,0,0,0,0,0,0,0,0,0,0,0,0,0,0,0,0,3,6,4,6,2,3
EXPRESSION OF A GROUP-II PHOSPHOLIPASE-A(2) FROM THE VENOM OF AGKISTRODON-PISCIVORUS-PISCIVORUS IN ESCHERICHIA-COLI - RECOVERY AND RENATURATION FROM BACTERIAL INCLUSION-BODIES,"LATHROP, BK; BURACK, WR; BILTONEN, RL; RULE, GS",,,,PROTEIN EXPRESSION AND PURIFICATION,Dec-92,1992,3,6,,,,512,517,,10.1016/1046-5928(92)90069-9,,,24,0.86,0,0,0,0,0,0,0,0,0,0,0,0,0,0,0,0,0,0,0,0,0,0,0,0,0,0,0,0,0,0,0,0,0,0,0,0,0,0,0,0,0,0,0,0,0,0,0,0,0,0,0,0,0,0,0,0,0,0,0,0,0,0,0,0,0,0,0,0,0,0,0,0,0,0,0,0,0,0,0,0,0,0,0,0,0,0,0,0,0,0,0,0,0,1,1,1,1,4,2,3,0,2,0,2,2,0,0,3,0,0,0,0,0,0,0,1,0,1,0,0
Dengue Virus Infection of Aedes aegypti Requires a Putative Cysteine Rich Venom Protein,"Londono-Renteria, Berlin; Troupin, Andrea; Conway, Michael J.; Vesely, Diana; Ledizet, Michael; Roundy, Christopher M.; Cloherty, Erin; Jameson, Samuel; Vanlandingham, Dana; Higgs, Stephen; Fikrig, Erol; Colpitts, Tonya M.",,,,PLOS PATHOGENS,15-Oct,2015,11,10,,,,,,e1005202,10.1371/journal.ppat.1005202,,,23,4.6,0,0,0,0,0,0,0,0,0,0,0,0,0,0,0,0,0,0,0,0,0,0,0,0,0,0,0,0,0,0,0,0,0,0,0,0,0,0,0,0,0,0,0,0,0,0,0,0,0,0,0,0,0,0,0,0,0,0,0,0,0,0,0,0,0,0,0,0,0,0,0,0,0,0,0,0,0,0,0,0,0,0,0,0,0,0,0,0,0,0,0,0,0,0,0,0,0,0,0,0,0,0,0,0,0,0,0,0,0,0,0,0,0,0,0,0,6,8,6,3
"Evaluating the microbicidal, antiparasitic and antitumor effects of CR-LAAO from Calloselasma rhodostoma venom","Costa, Tassia R.; Menaldo, Danilo L.; da Silva, Cassio Prinholato; Sorrechia, Rodrigo; de Albuquerque, Sergio; Pietro, Rosemeire C. L. R.; Ghisla, Sandro; Antunes, Lusania M. Greggi; Sampaio, Suely V.",,,,INTERNATIONAL JOURNAL OF BIOLOGICAL MACROMOLECULES,15-Sep,2015,80,,,,,489,497,,10.1016/j.ijbiomac.2015.07.004,,,23,4.6,0,0,0,0,0,0,0,0,0,0,0,0,0,0,0,0,0,0,0,0,0,0,0,0,0,0,0,0,0,0,0,0,0,0,0,0,0,0,0,0,0,0,0,0,0,0,0,0,0,0,0,0,0,0,0,0,0,0,0,0,0,0,0,0,0,0,0,0,0,0,0,0,0,0,0,0,0,0,0,0,0,0,0,0,0,0,0,0,0,0,0,0,0,0,0,0,0,0,0,0,0,0,0,0,0,0,0,0,0,0,0,0,0,0,0,1,4,4,11,3
"Cell cycle arrest evidence, parasiticidal and bactericidal properties induced by L-amino acid oxidase from Bothrops atrox snake venom","Alves Paiva, Raquel de Melo; Figueiredo, Raquel de Freitas; Antonucci, Gilmara Ausech; Paiva, Helder Henrique; Pires Bianchi, Maria de Lourdes; Rodrigues, Kelly C.; Lucarini, Rodrigo; Caetano, Renato Cesar; Linhari Rodrigues Pietro, Rosemeire Cristina; Comes Martins, Carlos Henrique; de Albuquerque, Sergio; Sampaio, Suely Vilela",,,,BIOCHIMIE,11-May,2011,93,5,,,,941,947,,10.1016/j.biochi.2011.01.009,,,23,2.56,0,0,0,0,0,0,0,0,0,0,0,0,0,0,0,0,0,0,0,0,0,0,0,0,0,0,0,0,0,0,0,0,0,0,0,0,0,0,0,0,0,0,0,0,0,0,0,0,0,0,0,0,0,0,0,0,0,0,0,0,0,0,0,0,0,0,0,0,0,0,0,0,0,0,0,0,0,0,0,0,0,0,0,0,0,0,0,0,0,0,0,0,0,0,0,0,0,0,0,0,0,0,0,0,0,0,0,0,0,0,0,1,4,1,1,6,3,4,3,0
Pseudechis australis Venomics: Adaptation for a Defense against Microbial Pathogens and Recruitment of Body Transferrin,"Georgieva, Dessislava; Seifert, Jana; Oehler, Michaela; von Bergen, Martin; Spencer, Patrick; Arni, Raghuvir K.; Genov, Nicolay; Betzel, Christian",,,,JOURNAL OF PROTEOME RESEARCH,11-May,2011,10,5,,,,2440,2464,,10.1021/pr101248e,,,23,2.56,0,0,0,0,0,0,0,0,0,0,0,0,0,0,0,0,0,0,0,0,0,0,0,0,0,0,0,0,0,0,0,0,0,0,0,0,0,0,0,0,0,0,0,0,0,0,0,0,0,0,0,0,0,0,0,0,0,0,0,0,0,0,0,0,0,0,0,0,0,0,0,0,0,0,0,0,0,0,0,0,0,0,0,0,0,0,0,0,0,0,0,0,0,0,0,0,0,0,0,0,0,0,0,0,0,0,0,0,0,0,0,1,2,2,2,2,5,6,3,0
Antibacterial and anti-inflammatory effects of honeybee (Apis mellifera) venom against acne-inducing bacteria,"Han, SangMi; Lee, KwangGil; Yeo, JooHong; Baek, HaJu; Park, Kwankyu",,,,JOURNAL OF MEDICINAL PLANTS RESEARCH,MAR 18 2010,2010,4,6,,,,459,464,,,,,23,2.3,0,0,0,0,0,0,0,0,0,0,0,0,0,0,0,0,0,0,0,0,0,0,0,0,0,0,0,0,0,0,0,0,0,0,0,0,0,0,0,0,0,0,0,0,0,0,0,0,0,0,0,0,0,0,0,0,0,0,0,0,0,0,0,0,0,0,0,0,0,0,0,0,0,0,0,0,0,0,0,0,0,0,0,0,0,0,0,0,0,0,0,0,0,0,0,0,0,0,0,0,0,0,0,0,0,0,0,0,0,0,0,0,3,3,2,3,3,5,3,1
Interfacial Binding Dynamics of Bee Venom Phospholipase A(2) Investigated by Dynamic Light Scattering and Quartz Crystal Microbalance,"Jackman, Joshua A.; Cho, Nam-Joon; Duran, Randolph S.; Frank, Curtis W.",,,,LANGMUIR,MAR 16 2010,2010,26,6,,,,4103,4112,,10.1021/la903117x,,,23,2.3,0,0,0,0,0,0,0,0,0,0,0,0,0,0,0,0,0,0,0,0,0,0,0,0,0,0,0,0,0,0,0,0,0,0,0,0,0,0,0,0,0,0,0,0,0,0,0,0,0,0,0,0,0,0,0,0,0,0,0,0,0,0,0,0,0,0,0,0,0,0,0,0,0,0,0,0,0,0,0,0,0,0,0,0,0,0,0,0,0,0,0,0,0,0,0,0,0,0,0,0,0,0,0,0,0,0,0,0,0,0,2,3,2,1,0,5,4,2,3,1
SITE OF ACTION OF VENOM OF MICROBRACON HEBETOR SAY (BRACONIDAE HYMENOPTERA),"PIEK, T",,,,JOURNAL OF INSECT PHYSIOLOGY,1966,1966,12,5,,,,561,&,,10.1016/0022-1910(66)90094-1,,,22,0.41,0,0,0,0,0,0,0,0,0,0,0,0,0,0,0,0,0,0,0,0,0,0,0,0,0,0,0,0,0,0,0,0,0,0,0,0,0,0,0,0,0,0,0,0,0,0,0,0,0,0,0,0,0,0,0,0,0,0,0,0,0,0,0,0,0,0,1,0,0,2,0,3,0,0,4,0,0,1,0,0,1,0,3,0,0,2,0,0,0,0,1,0,0,0,1,0,1,0,0,0,0,0,0,0,0,1,0,0,0,0,0,0,0,0,0,0,1,0,0,0
Snake Venom Phospholipases A(2): A Novel Tool Against Bacterial Diseases,"Samy, R. P.; Gopalakrishnakone, P.; Stiles, B. G.; Girish, K. S.; Swamy, S. N.; Hemshekhar, M.; Tan, K. S.; Rowan, E. G.; Sethi, G.; Chow, V. T. K.",,,,CURRENT MEDICINAL CHEMISTRY,12-Dec,2012,19,36,,,,6150,6162,,,,,21,2.63,0,0,0,0,0,0,0,0,0,0,0,0,0,0,0,0,0,0,0,0,0,0,0,0,0,0,0,0,0,0,0,0,0,0,0,0,0,0,0,0,0,0,0,0,0,0,0,0,0,0,0,0,0,0,0,0,0,0,0,0,0,0,0,0,0,0,0,0,0,0,0,0,0,0,0,0,0,0,0,0,0,0,0,0,0,0,0,0,0,0,0,0,0,0,0,0,0,0,0,0,0,0,0,0,0,0,0,0,0,0,0,0,0,1,5,5,3,2,3,2
"Purification, characterization and bactericidal activities of basic phospholipase A(2) from the venom of Agkistrodon halys (Chinese pallas)","Samy, R. Perumal; Gopalakrishnakone, R.; Ho, Bow; Chow, Vincent T. K.",,,,BIOCHIMIE,8-Sep,2008,90,9,,,,1372,1388,,10.1016/j.biochi.2008.04.007,,,21,1.75,0,0,0,0,0,0,0,0,0,0,0,0,0,0,0,0,0,0,0,0,0,0,0,0,0,0,0,0,0,0,0,0,0,0,0,0,0,0,0,0,0,0,0,0,0,0,0,0,0,0,0,0,0,0,0,0,0,0,0,0,0,0,0,0,0,0,0,0,0,0,0,0,0,0,0,0,0,0,0,0,0,0,0,0,0,0,0,0,0,0,0,0,0,0,0,0,0,0,0,0,0,0,0,0,0,0,0,0,0,0,0,4,2,6,1,2,1,2,2,1
ISOLATION AND SOME BIOCHEMICAL PROPERTIES OF A PARALYZING TOXIN FROM VENOM OF WASP MICROBRACON-HEBETOR (SAY),"VISSER, BJ; SPANJER, W; KLONIA, HD; PIEK, T; VANDERMEER, C",,,,TOXICON,1976,1976,14,5,,,,357,&,,10.1016/0041-0101(76)90083-0,,,21,0.48,0,0,0,0,0,0,0,0,0,0,0,0,0,0,0,0,0,0,0,0,0,0,0,0,0,0,0,0,0,0,0,0,0,0,0,0,0,0,0,0,0,0,0,0,0,0,0,0,0,0,0,0,0,0,0,0,0,0,0,0,0,0,0,0,0,0,0,0,0,0,0,0,0,0,0,0,0,1,0,1,0,2,5,2,0,0,0,1,2,0,1,0,0,0,1,0,0,0,0,1,0,0,0,1,1,0,1,0,0,0,0,0,0,0,0,0,1,0,0,0
Phospholipase A(2) Isolated from the Venom of Crotalus durissus terrificus Inactivates Dengue virus and Other Enveloped Viruses by Disrupting the Viral Envelope,"Muller, Vanessa Danielle; Soares, Ricardo Oliveira; dos Santos-Junior, Nilton Nascimento; Trabuco, Amanda Cristina; Cintra, Adelia Cristina; Figueiredo, Luiz Tadeu; Caliri, Antonio; Sampaio, Suely Vilela; Aquino, Victor Hugo",,,,PLOS ONE,NOV 10 2014,2014,9,11,,,,,,e112351,10.1371/journal.pone.0112351,,,20,3.33,0,0,0,0,0,0,0,0,0,0,0,0,0,0,0,0,0,0,0,0,0,0,0,0,0,0,0,0,0,0,0,0,0,0,0,0,0,0,0,0,0,0,0,0,0,0,0,0,0,0,0,0,0,0,0,0,0,0,0,0,0,0,0,0,0,0,0,0,0,0,0,0,0,0,0,0,0,0,0,0,0,0,0,0,0,0,0,0,0,0,0,0,0,0,0,0,0,0,0,0,0,0,0,0,0,0,0,0,0,0,0,0,0,0,1,2,2,6,4,5
"Interactions of PLA(2)-s from Vipera lebetina, Vipera berus berus and Naja naja oxiana Venom with Platelets, Bacterial and Cancer Cells","Samel, Mari; Vija, Heiki; Kurvet, Imbi; Kuennis-Beres, Kai; Trummal, Katrin; Subbi, Juhan; Kahru, Anne; Siigur, Jueri",,,,TOXINS,13-Feb,2013,5,2,,,,203,223,,10.3390/toxins5020203,,,20,2.86,0,0,0,0,0,0,0,0,0,0,0,0,0,0,0,0,0,0,0,0,0,0,0,0,0,0,0,0,0,0,0,0,0,0,0,0,0,0,0,0,0,0,0,0,0,0,0,0,0,0,0,0,0,0,0,0,0,0,0,0,0,0,0,0,0,0,0,0,0,0,0,0,0,0,0,0,0,0,0,0,0,0,0,0,0,0,0,0,0,0,0,0,0,0,0,0,0,0,0,0,0,0,0,0,0,0,0,0,0,0,0,0,0,0,2,6,6,1,3,2
ACTION OF VENOM OF MICROBRACON HEBETOR SAY ON LARVAE AND ADULTS OF PHILOSAMIA CYNTHIA HUBN,"PIEK, T; ENGELS, E",,,,COMPARATIVE BIOCHEMISTRY AND PHYSIOLOGY,1969,1969,28,2,,,,603,&,,10.1016/0010-406X(69)92092-1,,,20,0.39,0,0,0,0,0,0,0,0,0,0,0,0,0,0,0,0,0,0,0,0,0,0,0,0,0,0,0,0,0,0,0,0,0,0,0,0,0,0,0,0,0,0,0,0,0,0,0,0,0,0,0,0,0,0,0,0,0,0,0,0,0,0,0,0,0,0,0,0,0,1,0,1,2,0,3,0,1,2,0,0,1,1,1,4,0,0,0,0,1,0,1,0,0,0,0,0,0,0,0,0,0,1,0,0,0,0,0,0,0,0,0,0,0,0,0,0,0,0,0,0
SUSCEPTIBILITY OF DIFFERENT SPECIES OF INSECTS TO AN EXTRACT OF VENOM GLAND OF WASP MICROBRACON-HEBETOR (SAY),"DRENTH, D",,,,TOXICON,1974,1974,12,12,,,,189,192,,10.1016/0041-0101(74)90244-X,,,19,0.41,0,0,0,0,0,0,0,0,0,0,0,0,0,0,0,0,0,0,0,0,0,0,0,0,0,0,0,0,0,0,0,0,0,0,0,0,0,0,0,0,0,0,0,0,0,0,0,0,0,0,0,0,0,0,0,0,0,0,0,0,0,0,0,0,0,0,0,0,0,0,0,0,0,0,2,0,1,1,0,0,1,0,1,2,0,0,0,0,1,0,0,0,0,1,1,0,0,0,1,2,0,0,0,0,0,1,1,0,0,0,0,0,0,0,1,1,0,1,0,0
"BACTERIAL-FLORA OF THE ORAL CAVITY, FANGS AND VENOM OF BOTHROPS-JARARACA - POSSIBLE SOURCE OF INFECTION AT THE LOCAL BITE","JORGE, MT; DEMENDONCA, JS; RIBEIRO, LA; DASILVA, MLR; KUSANO, EJU; CORDEIRO, CLD",,,,REVISTA DO INSTITUTO DE MEDICINA TROPICAL DE SAO PAULO,JAN-FEB 1990,1990,32,1,,,,6,10,,10.1590/S0036-46651990000100002,,,18,0.6,0,0,0,0,0,0,0,0,0,0,0,0,0,0,0,0,0,0,0,0,0,0,0,0,0,0,0,0,0,0,0,0,0,0,0,0,0,0,0,0,0,0,0,0,0,0,0,0,0,0,0,0,0,0,0,0,0,0,0,0,0,0,0,0,0,0,0,0,0,0,0,0,0,0,0,0,0,0,0,0,0,0,0,0,0,0,0,0,0,0,0,0,1,0,1,0,0,0,1,0,0,1,1,0,1,0,0,1,0,3,0,1,2,1,0,0,0,1,2,1
THE PHARMACOLOGY OF MICROBRACON VENOM,"PIEK, T; VEENENDAAL, RL; MANTEL, P",,,,COMPARATIVE BIOCHEMISTRY AND PHYSIOLOGY C-PHARMACOLOGY TOXICOLOGY & ENDOCRINOLOGY,1982,1982,72,2,,,,303,309,,10.1016/0306-4492(82)90097-1,,,18,0.47,0,0,0,0,0,0,0,0,0,0,0,0,0,0,0,0,0,0,0,0,0,0,0,0,0,0,0,0,0,0,0,0,0,0,0,0,0,0,0,0,0,0,0,0,0,0,0,0,0,0,0,0,0,0,0,0,0,0,0,0,0,0,0,0,0,0,0,0,0,0,0,0,0,0,0,0,0,0,0,0,0,0,0,1,1,0,1,0,1,1,2,0,0,0,2,1,0,0,0,1,0,0,0,1,0,1,1,0,0,0,1,0,0,1,0,1,0,1,0,0
ACTION OF SNAKE VENOM ON RAUSCHER VIRUS,"MONROE, JH; SHIBLEY, GP; SCHIDLOVSKY, G; NAKAI, T; HOWATSON, AF; WIVEL, NW; OCONNOR, TE",,,,JNCI-JOURNAL OF THE NATIONAL CANCER INSTITUTE,1968,1968,40,1,,,,135,+,,,,,16,0.31,0,0,0,0,0,0,0,0,0,0,0,0,0,0,0,0,0,0,0,0,0,0,0,0,0,0,0,0,0,0,0,0,0,0,0,0,0,0,0,0,0,0,0,0,0,0,0,0,0,0,0,0,0,0,0,0,0,0,0,0,0,0,0,0,0,0,0,0,0,1,2,0,3,0,0,1,0,1,0,1,0,1,0,0,0,0,0,0,0,0,0,1,2,0,0,0,0,0,0,0,1,0,0,0,1,0,0,0,0,0,0,0,0,0,1,0,0,0,0,0
FINE STRUCTURE OF RAUSCHER LEUKEMIA VIRUS AS REVEALED BY INCUBATION IN SNAKE VENOM,"PADGETT, F; LEVINE, AS",,,,VIROLOGY,1966,1966,30,4,,,,623,&,,10.1016/0042-6822(66)90167-X,,,16,0.3,0,0,0,0,0,0,0,0,0,0,0,0,0,0,0,0,0,0,0,0,0,0,0,0,0,0,0,0,0,0,0,0,0,0,0,0,0,0,0,0,0,0,0,0,0,0,0,0,0,0,0,0,0,0,0,0,0,0,0,0,0,0,0,0,0,0,0,1,3,1,0,1,2,0,0,0,0,1,0,1,1,0,0,0,0,0,0,0,0,0,0,0,1,0,2,0,0,0,0,0,1,0,0,0,0,0,0,0,0,0,0,0,0,0,1,0,0,0,0,0
Inhibitory potential of Crotalus durissus terrificus venom on measles virus growth,"Petricevich, VL; Mendonca, RZ",,,,TOXICON,3-Aug,2003,42,2,,,,143,153,,10.1016/S0041-0101(03)00124-7,,,15,0.88,0,0,0,0,0,0,0,0,0,0,0,0,0,0,0,0,0,0,0,0,0,0,0,0,0,0,0,0,0,0,0,0,0,0,0,0,0,0,0,0,0,0,0,0,0,0,0,0,0,0,0,0,0,0,0,0,0,0,0,0,0,0,0,0,0,0,0,0,0,0,0,0,0,0,0,0,0,0,0,0,0,0,0,0,0,0,0,0,0,0,0,0,0,0,0,0,0,0,0,0,0,0,0,0,0,0,0,0,0,1,0,2,1,1,2,0,1,3,2,2
"SEQUENCE HOMOLOGY BETWEEN HIV GP120, RABIES VIRUS GLYCOPROTEIN, AND SNAKE-VENOM NEUROTOXINS - IS THE NICOTINIC ACETYLCHOLINE-RECEPTOR AN HIV RECEPTOR","NERI, P; BRACCI, L; RUSTICI, M; SANTUCCI, A",,,,ARCHIVES OF VIROLOGY,1990,1990,114,4-Mar,,,,265,269,,10.1007/BF01310756,,,15,0.5,0,0,0,0,0,0,0,0,0,0,0,0,0,0,0,0,0,0,0,0,0,0,0,0,0,0,0,0,0,0,0,0,0,0,0,0,0,0,0,0,0,0,0,0,0,0,0,0,0,0,0,0,0,0,0,0,0,0,0,0,0,0,0,0,0,0,0,0,0,0,0,0,0,0,0,0,0,0,0,0,0,0,0,0,0,0,0,0,0,0,0,0,1,2,0,2,0,2,0,0,0,0,0,0,1,0,0,1,0,2,0,1,0,0,0,0,0,2,1,0
"PARALYSIS CAUSED BY VENOM OF WASP, MICROBRACON-GELECHIAE","PIEK, T; SPANJER, W; NJIO, KD; VEENENDA.RL; MANTEL, P",,,,JOURNAL OF INSECT PHYSIOLOGY,1974,1974,20,11,,,,2307,2319,,10.1016/0022-1910(74)90053-5,,,15,0.33,0,0,0,0,0,0,0,0,0,0,0,0,0,0,0,0,0,0,0,0,0,0,0,0,0,0,0,0,0,0,0,0,0,0,0,0,0,0,0,0,0,0,0,0,0,0,0,0,0,0,0,0,0,0,0,0,0,0,0,0,0,0,0,0,0,0,0,0,0,0,0,0,0,0,0,0,1,1,0,0,1,1,3,1,0,0,1,0,1,0,1,0,0,0,0,1,1,0,1,0,0,0,0,0,0,0,0,0,0,0,0,0,0,0,1,0,0,0,0,0
"CoaTx-II, a new dimeric Lys49 phospholipase A(2) from Crotalus oreganus abyssus snake venom with bactericidal potential: Insights into its structure and biological roles","Almeida, J. R.; Lancellotti, M.; Soares, A. M.; Calderon, L. A.; Ramirez, D.; Gonzalez, W.; Marangoni, S.; Da Silva, S. L.",,,,TOXICON,SEP 15 2016,2016,120,,,,,147,158,,10.1016/j.toxicon.2016.08.007,,,14,3.5,0,0,0,0,0,0,0,0,0,0,0,0,0,0,0,0,0,0,0,0,0,0,0,0,0,0,0,0,0,0,0,0,0,0,0,0,0,0,0,0,0,0,0,0,0,0,0,0,0,0,0,0,0,0,0,0,0,0,0,0,0,0,0,0,0,0,0,0,0,0,0,0,0,0,0,0,0,0,0,0,0,0,0,0,0,0,0,0,0,0,0,0,0,0,0,0,0,0,0,0,0,0,0,0,0,0,0,0,0,0,0,0,0,0,0,0,0,5,7,2
"Preservation of biological fluids (bacteriophage, vaccines and venom solutions) with alkyl-dimethyl-benzyl-ammonium-chloride","Maier, E",,,,JOURNAL OF BACTERIOLOGY,Jul-39,1939,38,1,,,,33,39,,,,,14,0.17,0,0,0,0,0,0,0,0,0,0,0,0,0,0,0,0,0,0,0,0,0,0,0,0,0,0,0,0,0,0,0,0,0,0,0,0,0,0,0,0,0,1,1,1,0,2,2,1,0,3,0,0,0,0,1,0,0,0,0,0,0,0,0,0,0,0,0,1,0,0,0,1,0,0,0,0,0,0,0,0,0,0,0,0,0,0,0,0,0,0,0,0,0,0,0,0,0,0,0,0,0,0,0,0,0,0,0,0,0,0,0,0,0,0,0,0,0,0,0,0
The Spider Venom Peptide Lycosin-II Has Potent Antimicrobial Activity against Clinically Isolated Bacteria,"Wang, Yongjun; Wang, Ling; Yang, Huali; Xiao, Haoliang; Farooq, Athar; Liu, Zhonghua; Hu, Min; Shi, Xiaoliu",,,,TOXINS,16-May,2016,8,5,,,,,,119,10.3390/toxins8050119,,,13,3.25,0,0,0,0,0,0,0,0,0,0,0,0,0,0,0,0,0,0,0,0,0,0,0,0,0,0,0,0,0,0,0,0,0,0,0,0,0,0,0,0,0,0,0,0,0,0,0,0,0,0,0,0,0,0,0,0,0,0,0,0,0,0,0,0,0,0,0,0,0,0,0,0,0,0,0,0,0,0,0,0,0,0,0,0,0,0,0,0,0,0,0,0,0,0,0,0,0,0,0,0,0,0,0,0,0,0,0,0,0,0,0,0,0,0,0,0,1,4,7,1
Molecular Characterization of Lys49 and Asp49 Phospholipases A(2) from Snake Venom and Their Antiviral Activities against Dengue virus,"Cecilio, Alzira B.; Caldas, Sergio; De Oliveira, Raiana A.; Santos, Arthur S. B.; Richardson, Michael; Naumann, Gustavo B.; Schneider, Francisco S.; Alvarenga, Valeria G.; Estevao-Costa, Maria I.; Fuly, Andre L.; Eble, Johannes A.; Sanchez, Eladio F.",,,,TOXINS,13-Oct,2013,5,10,,,,1780,1798,,10.3390/toxins5101780,,,13,1.86,0,0,0,0,0,0,0,0,0,0,0,0,0,0,0,0,0,0,0,0,0,0,0,0,0,0,0,0,0,0,0,0,0,0,0,0,0,0,0,0,0,0,0,0,0,0,0,0,0,0,0,0,0,0,0,0,0,0,0,0,0,0,0,0,0,0,0,0,0,0,0,0,0,0,0,0,0,0,0,0,0,0,0,0,0,0,0,0,0,0,0,0,0,0,0,0,0,0,0,0,0,0,0,0,0,0,0,0,0,0,0,0,0,0,1,1,2,3,4,2
A BACTERICIDAL PROTEIN IN BOMBINA-VARIEGATA-PACHYPUS SKIN VENOM,"MASTROMEI, G; BARBERIO, C; PISTOLESI, S; DELFINO, G",,,,TOXICON,1991,1991,29,3,,,,321,328,,10.1016/0041-0101(91)90285-Y,,,13,0.45,0,0,0,0,0,0,0,0,0,0,0,0,0,0,0,0,0,0,0,0,0,0,0,0,0,0,0,0,0,0,0,0,0,0,0,0,0,0,0,0,0,0,0,0,0,0,0,0,0,0,0,0,0,0,0,0,0,0,0,0,0,0,0,0,0,0,0,0,0,0,0,0,0,0,0,0,0,0,0,0,0,0,0,0,0,0,0,0,0,0,0,0,1,1,1,1,0,0,0,1,0,1,0,1,1,0,2,0,1,0,0,0,0,0,0,0,1,0,1,0
ACTION OF COBRA VENOM CARDIOTOXIN ON CHICK EMBRYONAL FIBROBLASTS TRANSFORMED WITH A TEMPERATURE-SENSITIVE MUTANT OF ROUS-SARCOMA VIRUS,"KANEDA, N; HAMAGUCHI, M; KOJIMA, K; KANESHIMA, H; HAYASHI, K",,,,FEBS LETTERS,1985,1985,192,2,,,,313,316,,10.1016/0014-5793(85)80132-0,,,13,0.37,0,0,0,0,0,0,0,0,0,0,0,0,0,0,0,0,0,0,0,0,0,0,0,0,0,0,0,0,0,0,0,0,0,0,0,0,0,0,0,0,0,0,0,0,0,0,0,0,0,0,0,0,0,0,0,0,0,0,0,0,0,0,0,0,0,0,0,0,0,0,0,0,0,0,0,0,0,0,0,0,0,0,0,0,0,0,0,0,2,0,2,0,0,3,1,0,0,1,0,0,0,0,0,1,0,0,0,0,0,0,0,0,0,0,2,0,0,0,1,0
INTERRELATIONSHIPS BETWEEN TOXINS - STUDIES ON THE CROSS-REACTIVITY BETWEEN BACTERIAL OR ANIMAL TOXINS AND MONOCLONAL-ANTIBODIES TO 2 JELLYFISH VENOMS,"OLSON, CE; HEARD, MG; CALTON, GJ; BURNETT, JW",,,,TOXICON,1985,1985,23,2,,,,307,316,,10.1016/0041-0101(85)90153-9,,,13,0.37,0,0,0,0,0,0,0,0,0,0,0,0,0,0,0,0,0,0,0,0,0,0,0,0,0,0,0,0,0,0,0,0,0,0,0,0,0,0,0,0,0,0,0,0,0,0,0,0,0,0,0,0,0,0,0,0,0,0,0,0,0,0,0,0,0,0,0,0,0,0,0,0,0,0,0,0,0,0,0,0,0,0,0,0,0,0,2,1,2,0,0,0,0,0,0,0,0,0,0,0,0,1,1,0,0,0,1,0,1,1,1,0,2,0,0,0,0,0,0,0
STRUCTURE AND HISTOCHEMISTRY OF VENOM GLANDS OF WASPS MICROBRACON-HEBETOR SAY AND PHILANTHUS-TRIANGULUM-F,"VANMARLE, J",,,,TOXICON,1977,1977,15,6,,,,529,539,,10.1016/0041-0101(77)90104-0,,,13,0.3,0,0,0,0,0,0,0,0,0,0,0,0,0,0,0,0,0,0,0,0,0,0,0,0,0,0,0,0,0,0,0,0,0,0,0,0,0,0,0,0,0,0,0,0,0,0,0,0,0,0,0,0,0,0,0,0,0,0,0,0,0,0,0,0,0,0,0,0,0,0,0,0,0,0,0,0,0,0,0,1,0,0,1,1,1,0,0,0,0,0,0,0,1,0,0,0,0,1,0,1,1,0,0,0,0,0,0,0,0,1,0,0,0,0,1,2,0,1,0,0
"Secapin, a bee venom peptide, exhibits anti-fibrinolytic, anti-elastolytic, and anti-microbial activities","Lee, Kwang Sik; Kim, Bo Yeon; Yoon, Hyung Joo; Choi, Yong Soo; Jin, Byung Rae",,,,DEVELOPMENTAL AND COMPARATIVE IMMUNOLOGY,16-Oct,2016,63,,,,,27,35,,10.1016/j.dci.2016.05.011,,,12,3,0,0,0,0,0,0,0,0,0,0,0,0,0,0,0,0,0,0,0,0,0,0,0,0,0,0,0,0,0,0,0,0,0,0,0,0,0,0,0,0,0,0,0,0,0,0,0,0,0,0,0,0,0,0,0,0,0,0,0,0,0,0,0,0,0,0,0,0,0,0,0,0,0,0,0,0,0,0,0,0,0,0,0,0,0,0,0,0,0,0,0,0,0,0,0,0,0,0,0,0,0,0,0,0,0,0,0,0,0,0,0,0,0,0,0,0,0,7,4,1
Diversity of Virus-Like Particles in Parasitoids' Venom: Viral or Cellular Origin?,"Gatti, Jean-luc; Schmitz, Antonin; Colinet, Dominique; Poirie, Marylene",,,"Beckage, NE; Drezen, JM",PARASITOID VIRUSES: SYMBIONTS AND PATHOGENS,2012,2012,,,,,,181,192,,10.1016/B978-0-12-384858-1.00015-1,,,12,1.5,0,0,0,0,0,0,0,0,0,0,0,0,0,0,0,0,0,0,0,0,0,0,0,0,0,0,0,0,0,0,0,0,0,0,0,0,0,0,0,0,0,0,0,0,0,0,0,0,0,0,0,0,0,0,0,0,0,0,0,0,0,0,0,0,0,0,0,0,0,0,0,0,0,0,0,0,0,0,0,0,0,0,0,0,0,0,0,0,0,0,0,0,0,0,0,0,0,0,0,0,0,0,0,0,0,0,0,0,0,0,0,0,0,4,3,0,2,1,0,2
Antimicrobial Proteins from Snake Venoms: Direct Bacterial Damage and Activation of Innate Immunity Against Staphylococcus aureus Skin Infection,"Samy, R. P.; Stiles, B. G.; Gopalakrishnakone, P.; Chow, V. T. K.",,,,CURRENT MEDICINAL CHEMISTRY,11-Nov,2011,18,33,,,,5104,5113,,,,,12,1.33,0,0,0,0,0,0,0,0,0,0,0,0,0,0,0,0,0,0,0,0,0,0,0,0,0,0,0,0,0,0,0,0,0,0,0,0,0,0,0,0,0,0,0,0,0,0,0,0,0,0,0,0,0,0,0,0,0,0,0,0,0,0,0,0,0,0,0,0,0,0,0,0,0,0,0,0,0,0,0,0,0,0,0,0,0,0,0,0,0,0,0,0,0,0,0,0,0,0,0,0,0,0,0,0,0,0,0,0,0,0,0,0,1,1,1,1,2,3,3,0
"Bacterial expression, purification and functional characterization of a recombinant chimeric Fab derived from murine mAb BCF2 that neutralizes the venom of the scorpion Centruroides noxius hoffmann","Selisko, B; Cosio, G; Garcia, C; Becerril, B; Possani, LD; Horjales, E",,,,TOXICON,4-Jan,2004,43,1,,,,43,51,,10.1016/j.toxicon.2003.10.015,,,12,0.75,0,0,0,0,0,0,0,0,0,0,0,0,0,0,0,0,0,0,0,0,0,0,0,0,0,0,0,0,0,0,0,0,0,0,0,0,0,0,0,0,0,0,0,0,0,0,0,0,0,0,0,0,0,0,0,0,0,0,0,0,0,0,0,0,0,0,0,0,0,0,0,0,0,0,0,0,0,0,0,0,0,0,0,0,0,0,0,0,0,0,0,0,0,0,0,0,0,0,0,0,0,0,0,0,0,1,0,1,2,1,0,3,0,0,0,2,1,0,1,0
BACTERICIDAL ACTIVITY OF CROTALUS VENOM INVITRO,"GLASER, HSR",,,,COPEIA,1948,1948,,4,,,,245,247,,,,,12,0.17,0,0,0,0,0,0,0,0,0,0,0,0,0,0,0,0,0,0,0,0,0,0,0,0,0,0,0,0,0,0,0,0,0,0,0,0,0,0,0,0,0,0,0,0,0,0,0,0,0,0,0,0,0,0,0,0,0,0,0,0,0,0,0,0,0,1,0,0,0,0,0,0,0,0,0,0,0,0,0,0,0,0,0,0,0,0,0,0,0,0,0,0,0,0,0,0,0,0,0,0,1,0,0,0,0,0,0,1,0,0,0,1,1,1,1,0,0,3,1,1
"Insects, arachnids and centipedes venom: A powerful weapon against bacteria. A literature review","Fratini, Filippo; Cilia, Giovanni; Turchi, Barbara; Felicioli, Antonio",,,,TOXICON,17-May,2017,130,,,,,91,103,,10.1016/j.toxicon.2017.02.020,,,11,3.67,0,0,0,0,0,0,0,0,0,0,0,0,0,0,0,0,0,0,0,0,0,0,0,0,0,0,0,0,0,0,0,0,0,0,0,0,0,0,0,0,0,0,0,0,0,0,0,0,0,0,0,0,0,0,0,0,0,0,0,0,0,0,0,0,0,0,0,0,0,0,0,0,0,0,0,0,0,0,0,0,0,0,0,0,0,0,0,0,0,0,0,0,0,0,0,0,0,0,0,0,0,0,0,0,0,0,0,0,0,0,0,0,0,0,0,0,0,0,6,5
"Misdiagnosis of Spider Bites: Bacterial Associates, Mechanical Pathogen Transfer, and Hemolytic Potential of Venom From the Hobo Spider, Tegenaria agrestis (Araneae: Agelenidae)","Gaver-Wainwright, Melissa M.; Zack, Richard S.; Foradori, Matthew J.; Lavine, Laura Corley",,,,JOURNAL OF MEDICAL ENTOMOLOGY,11-Mar,2011,48,2,,,,382,388,,10.1603/ME09224,,,11,1.22,0,0,0,0,0,0,0,0,0,0,0,0,0,0,0,0,0,0,0,0,0,0,0,0,0,0,0,0,0,0,0,0,0,0,0,0,0,0,0,0,0,0,0,0,0,0,0,0,0,0,0,0,0,0,0,0,0,0,0,0,0,0,0,0,0,0,0,0,0,0,0,0,0,0,0,0,0,0,0,0,0,0,0,0,0,0,0,0,0,0,0,0,0,0,0,0,0,0,0,0,0,0,0,0,0,0,0,0,0,0,0,0,0,3,2,2,1,2,1,0
ANAEROBIC AND AEROBIC BACTERIOLOGY OF THE SALIVA AND GINGIVA FROM 16 CAPTIVE KOMODO DRAGONS (VARANUS KOMODOENSIS): NEW IMPLICATIONS FOR THE BACTERIA AS VENOM MODEL,"Goldstein, Ellie J. C.; Tyrrell, Kerin L.; Citron, Diane M.; Cox, Cathleen R.; Recchio, Ian M.; Okimoto, Ben; Bryja, Judith; Fry, Bryan G.",,,,JOURNAL OF ZOO AND WILDLIFE MEDICINE,13-Jun,2013,44,2,,,,262,272,,10.1638/2012-0022R.1,,,10,1.43,0,0,0,0,0,0,0,0,0,0,0,0,0,0,0,0,0,0,0,0,0,0,0,0,0,0,0,0,0,0,0,0,0,0,0,0,0,0,0,0,0,0,0,0,0,0,0,0,0,0,0,0,0,0,0,0,0,0,0,0,0,0,0,0,0,0,0,0,0,0,0,0,0,0,0,0,0,0,0,0,0,0,0,0,0,0,0,0,0,0,0,0,0,0,0,0,0,0,0,0,0,0,0,0,0,0,0,0,0,0,0,0,0,0,1,0,3,5,1,0
EFFECT OF COMPLEMENT DEPLETION BY COBRA VENOM FACTOR ON FOWLPOX VIRUS-INFECTION IN CHICKENS AND CHICKEN EMBRYOS,"OHTA, H; YOSHIKAWA, Y; KAI, C; YAMANOUCHI, K; TANIGUCHI, H; KOMINE, K; ISHIJIMA, Y; OKADA, H",,,,JOURNAL OF VIROLOGY,Feb-86,1986,57,2,,,,670,673,,,,,10,0.29,0,0,0,0,0,0,0,0,0,0,0,0,0,0,0,0,0,0,0,0,0,0,0,0,0,0,0,0,0,0,0,0,0,0,0,0,0,0,0,0,0,0,0,0,0,0,0,0,0,0,0,0,0,0,0,0,0,0,0,0,0,0,0,0,0,0,0,0,0,0,0,0,0,0,0,0,0,0,0,0,0,0,0,0,0,0,0,0,2,1,0,2,0,0,0,0,0,1,0,0,0,1,1,0,0,2,0,0,0,0,0,0,0,0,0,0,0,0,0,0
FACTORS INVOLVED IN THE ACTION OF VENOMS AGAINST BACTERIAL TOXINS IN EXPERIMENTAL ANIMALS,"DOERY, HM; NORTH, EA",,,,BRITISH JOURNAL OF EXPERIMENTAL PATHOLOGY,1960,1960,41,3,,,,243,250,,,,,10,0.17,0,0,0,0,0,0,0,0,0,0,0,0,0,0,0,0,0,0,0,0,0,0,0,0,0,0,0,0,0,0,0,0,0,0,0,0,0,0,0,0,0,0,0,0,0,0,0,0,0,0,0,0,0,0,0,0,0,0,0,0,1,4,1,3,0,1,0,0,0,0,0,0,0,0,0,0,0,0,0,0,0,0,0,0,0,0,0,0,0,0,0,0,0,0,0,0,0,0,0,0,0,0,0,0,0,0,0,0,0,0,0,0,0,0,0,0,0,0,0,0
"Detection and Identification of the Invasive Sirex noctilio (Hymenoptera: Siricidae) Fungal Symbiont, Amylostereum areolatum (Russulales: Amylostereacea), in China and the Stimulating Effect of Insect Venom on Laccase Production by A-areolatum YQL03","Li, Dapeng; Shi, Juan; Lu, Min; Ren, Lili; Zhen, Congai; Luo, Youqing",,,,JOURNAL OF ECONOMIC ENTOMOLOGY,15-Jun,2015,108,3,,,,1136,1147,,10.1093/jee/tov072,,,9,1.8,0,0,0,0,0,0,0,0,0,0,0,0,0,0,0,0,0,0,0,0,0,0,0,0,0,0,0,0,0,0,0,0,0,0,0,0,0,0,0,0,0,0,0,0,0,0,0,0,0,0,0,0,0,0,0,0,0,0,0,0,0,0,0,0,0,0,0,0,0,0,0,0,0,0,0,0,0,0,0,0,0,0,0,0,0,0,0,0,0,0,0,0,0,0,0,0,0,0,0,0,0,0,0,0,0,0,0,0,0,0,0,0,0,0,0,0,2,2,2,3
Virocidal activity of Egyptian scorpion venoms against hepatitis C virus,"El-Bitar, Alaa M. H.; Sarhan, Moustafa M. H.; Aoki, Chie; Takahara, Yusuke; Komoto, Mari; Deng, Lin; Moustafa, Mohsen A.; Hotta, Hak",,,,VIROLOGY JOURNAL,MAR 24 2015,2015,12,,,,,,,47,10.1186/s12985-015-0276-6,,,9,1.8,0,0,0,0,0,0,0,0,0,0,0,0,0,0,0,0,0,0,0,0,0,0,0,0,0,0,0,0,0,0,0,0,0,0,0,0,0,0,0,0,0,0,0,0,0,0,0,0,0,0,0,0,0,0,0,0,0,0,0,0,0,0,0,0,0,0,0,0,0,0,0,0,0,0,0,0,0,0,0,0,0,0,0,0,0,0,0,0,0,0,0,0,0,0,0,0,0,0,0,0,0,0,0,0,0,0,0,0,0,0,0,0,0,0,0,0,2,2,2,3
Bumblebee Venom Serine Protease Increases Fungal Insecticidal Virulence by Inducing Insect Melanization,"Kim, Jae Su; Choi, Jae Young; Lee, Joo Hyun; Bin Park, Jong; Fu, Zhenli; Liu, Qin; Tao, Xueying; Jin, Byung Rae; Skinner, Margaret; Parker, Bruce L.; Je, Yeon Ho",,,,PLOS ONE,APR 23 2013,2013,8,4,,,,,,e62555,10.1371/journal.pone.0062555,,,9,1.29,0,0,0,0,0,0,0,0,0,0,0,0,0,0,0,0,0,0,0,0,0,0,0,0,0,0,0,0,0,0,0,0,0,0,0,0,0,0,0,0,0,0,0,0,0,0,0,0,0,0,0,0,0,0,0,0,0,0,0,0,0,0,0,0,0,0,0,0,0,0,0,0,0,0,0,0,0,0,0,0,0,0,0,0,0,0,0,0,0,0,0,0,0,0,0,0,0,0,0,0,0,0,0,0,0,0,0,0,0,0,0,0,0,0,1,2,1,2,3,0
Effect of complement consumption by cobra venom factor on the course of primary infection with simian immunodeficiency virus in rhesus monkeys,"Schmitz, JE; Lifton, MA; Reimann, KA; Montefiori, DC; Shen, L; Racz, P; Tenner-Racz, K; Ollert, MW; Forman, MA; Gelman, RS; Vogel, CW; Letvin, NL",,,,AIDS RESEARCH AND HUMAN RETROVIRUSES,JAN 20 1999,1999,15,2,,,,195,202,,10.1089/088922299311619,,,9,0.43,0,0,0,0,0,0,0,0,0,0,0,0,0,0,0,0,0,0,0,0,0,0,0,0,0,0,0,0,0,0,0,0,0,0,0,0,0,0,0,0,0,0,0,0,0,0,0,0,0,0,0,0,0,0,0,0,0,0,0,0,0,0,0,0,0,0,0,0,0,0,0,0,0,0,0,0,0,0,0,0,0,0,0,0,0,0,0,0,0,0,0,0,0,0,0,0,0,0,0,1,0,3,0,2,0,0,1,1,0,1,0,0,0,0,0,0,0,0,0,0
ORGANIZATION AND ROLE OF PLATELET MEMBRANE PHOSPHOLIPIDS AS STUDIED WITH PHOSPHOLIPASES-A2 FROM VARIOUS VENOMS AND PHOSPHOLIPASES-C FROM BACTERIAL ORIGIN,"CHAP, H; PERRET, B; MAUCO, G; PLANTAVID, M; LAFFONT, F; SIMON, MF; DOUSTEBLAZY, L",,,,TOXICON,1982,1982,20,1,,,,291,298,,10.1016/0041-0101(82)90229-X,,,9,0.24,0,0,0,0,0,0,0,0,0,0,0,0,0,0,0,0,0,0,0,0,0,0,0,0,0,0,0,0,0,0,0,0,0,0,0,0,0,0,0,0,0,0,0,0,0,0,0,0,0,0,0,0,0,0,0,0,0,0,0,0,0,0,0,0,0,0,0,0,0,0,0,0,0,0,0,0,0,0,0,0,0,0,1,1,2,0,2,1,0,0,1,0,0,0,0,0,0,1,0,0,0,0,0,0,0,0,0,0,0,0,0,0,0,0,0,0,0,0,0,0
PROTECTIVE ACTION OF VENOMS CONTAINING PHOSPHATIDASE-A AGAINST CERTAIN BACTERIAL EXOTOXINS,"NORTH, EA; DOERY, HM",,,,NATURE,1958,1958,182,4646,,,,1374,1375,,10.1038/1821374b0,,,9,0.15,0,0,0,0,0,0,0,0,0,0,0,0,0,0,0,0,0,0,0,0,0,0,0,0,0,0,0,0,0,0,0,0,0,0,0,0,0,0,0,0,0,0,0,0,0,0,0,0,0,0,0,0,0,0,0,0,0,0,0,0,2,3,1,0,2,1,0,0,0,0,0,0,0,0,0,0,0,0,0,0,0,0,0,0,0,0,0,0,0,0,0,0,0,0,0,0,0,0,0,0,0,0,0,0,0,0,0,0,0,0,0,0,0,0,0,0,0,0,0,0
"CYTOCHEMICAL MECHANISMS OF PENICILLIN ACTION .5. COMPARATIVE EFFECTS OF RIBONUCLEASE, COBRA VENOM, AND PENICILLIN ON SUSCEPTIBLE BACTERIA","DUFRENOY, J; PRATT, R",,,,JOURNAL OF BACTERIOLOGY,1948,1948,55,4,,,,525,530,,,,,9,0.13,0,0,0,0,0,0,0,0,0,0,0,0,0,0,0,0,0,0,0,0,0,0,0,0,0,0,0,0,0,0,0,0,0,0,0,0,0,0,0,0,0,0,0,0,0,0,0,0,3,2,0,1,0,1,0,0,0,0,0,0,0,0,0,0,0,0,0,0,0,0,0,0,0,0,0,0,0,0,0,0,0,0,0,0,0,0,0,0,0,0,0,0,0,0,0,0,0,0,0,0,0,0,0,0,0,0,0,0,0,0,1,0,0,0,0,1,0,0,0,0
Inhibitory effects of bee venom and its components against viruses in vitro and in vivo,"Uddin, Md Bashir; Lee, Byeong-Hoon; Nikapitiya, Chamilani; Kim, Jae-Hoon; Kim, Tae-Hwan; Lee, Hyun-Cheol; Kim, Choul Goo; Lee, Jong-Soo; Kim, Chul-Joong",,,,JOURNAL OF MICROBIOLOGY,16-Dec,2016,54,12,,,,853,866,,10.1007/s12275-016-6376-1,,,8,2,0,0,0,0,0,0,0,0,0,0,0,0,0,0,0,0,0,0,0,0,0,0,0,0,0,0,0,0,0,0,0,0,0,0,0,0,0,0,0,0,0,0,0,0,0,0,0,0,0,0,0,0,0,0,0,0,0,0,0,0,0,0,0,0,0,0,0,0,0,0,0,0,0,0,0,0,0,0,0,0,0,0,0,0,0,0,0,0,0,0,0,0,0,0,0,0,0,0,0,0,0,0,0,0,0,0,0,0,0,0,0,0,0,0,0,0,0,3,2,3
Viperatoxin-II: A novel viper venom protein as an effective bactericidal agent,"Samy, Ramar Perumal; Stiles, Bradley G.; Chinnathambi, Arunachalam; Zayed, M. E.; Alharbi, Sulaiman Ali; Franco, Octavio Luiz; Rowan, Edward G.; Kumar, Alan Prem; Lim, Lina H. K.; Sethi, Gautam",,,,FEBS OPEN BIO,2015,2015,5,,,,,928,941,,10.1016/j.fob.2015.10.004,,,8,1.6,0,0,0,0,0,0,0,0,0,0,0,0,0,0,0,0,0,0,0,0,0,0,0,0,0,0,0,0,0,0,0,0,0,0,0,0,0,0,0,0,0,0,0,0,0,0,0,0,0,0,0,0,0,0,0,0,0,0,0,0,0,0,0,0,0,0,0,0,0,0,0,0,0,0,0,0,0,0,0,0,0,0,0,0,0,0,0,0,0,0,0,0,0,0,0,0,0,0,0,0,0,0,0,0,0,0,0,0,0,0,0,0,0,0,0,0,3,1,3,1
Applications of Parasitoid Virus and Venom Research in Agriculture,"Pennacchio, Francesco; Giordana, Barbara; Rao, Rosa",,,"Beckage, NE; Drezen, JM",PARASITOID VIRUSES: SYMBIONTS AND PATHOGENS,2012,2012,,,,,,269,283,,10.1016/B978-0-12-384858-1.00022-9,,,8,1,0,0,0,0,0,0,0,0,0,0,0,0,0,0,0,0,0,0,0,0,0,0,0,0,0,0,0,0,0,0,0,0,0,0,0,0,0,0,0,0,0,0,0,0,0,0,0,0,0,0,0,0,0,0,0,0,0,0,0,0,0,0,0,0,0,0,0,0,0,0,0,0,0,0,0,0,0,0,0,0,0,0,0,0,0,0,0,0,0,0,0,0,0,0,0,0,0,0,0,0,0,0,0,0,0,0,0,0,0,0,0,1,0,0,4,1,0,0,1,1
"Contortrostatin, a homodimeric disintegrin isolated from snake venom inhibits herpes simplex virus entry and cell fusion","Hubbard, Stephen; Choudhary, Samiksha; Maus, Erika; Shukla, Deepak; Swenson, Stephen; Markland, Francis S., Jr.; Tiwari, Vaibhav",,,,ANTIVIRAL THERAPY,2012,2012,17,7,,,,1319,1326,,10.3851/IMP2291,,,8,1,0,0,0,0,0,0,0,0,0,0,0,0,0,0,0,0,0,0,0,0,0,0,0,0,0,0,0,0,0,0,0,0,0,0,0,0,0,0,0,0,0,0,0,0,0,0,0,0,0,0,0,0,0,0,0,0,0,0,0,0,0,0,0,0,0,0,0,0,0,0,0,0,0,0,0,0,0,0,0,0,0,0,0,0,0,0,0,0,0,0,0,0,0,0,0,0,0,0,0,0,0,0,0,0,0,0,0,0,0,0,0,0,0,0,1,1,4,0,2,0
Analysis of N-glycosylation of phospholipase A(2) from venom of individual bees by microbore high-performance liquid chromatography-electrospray mass spectrometry using an ion trap mass spectrometer,"Lai, CC; Her, GR",,,,JOURNAL OF CHROMATOGRAPHY B-ANALYTICAL TECHNOLOGIES IN THE BIOMEDICAL AND LIFE SCIENCES,JAN 25 2002,2002,766,2,,,,243,250,,10.1016/S0378-4347(01)00479-0,,,8,0.44,0,0,0,0,0,0,0,0,0,0,0,0,0,0,0,0,0,0,0,0,0,0,0,0,0,0,0,0,0,0,0,0,0,0,0,0,0,0,0,0,0,0,0,0,0,0,0,0,0,0,0,0,0,0,0,0,0,0,0,0,0,0,0,0,0,0,0,0,0,0,0,0,0,0,0,0,0,0,0,0,0,0,0,0,0,0,0,0,0,0,0,0,0,0,0,0,0,0,0,0,0,0,1,0,1,0,0,1,1,0,1,0,1,0,1,0,0,0,0,1
"Mechanisms of bacterial membrane permeabilization by crotalicidin (Ctn) and its fragment Ctn(15-34), antimicrobial peptides from rattlesnake venom","Perez-Peinado, Clara; Dias, Susana Almeida; Domingues, Marco M.; Benfield, Aurelie H.; Freire, Joao Miguel; Radis-Baptista, Gandhi; Gaspar, Diana; Castanho, Miguel A. R. B.; Craik, David J.; Henriques, Sonia Troeira; Veiga, Ana Salome; Andreu, David",,,,JOURNAL OF BIOLOGICAL CHEMISTRY,FEB 2 2018,2018,293,5,,,,1536,1549,,10.1074/jbc.RA117.000125,,,7,3.5,0,0,0,0,0,0,0,0,0,0,0,0,0,0,0,0,0,0,0,0,0,0,0,0,0,0,0,0,0,0,0,0,0,0,0,0,0,0,0,0,0,0,0,0,0,0,0,0,0,0,0,0,0,0,0,0,0,0,0,0,0,0,0,0,0,0,0,0,0,0,0,0,0,0,0,0,0,0,0,0,0,0,0,0,0,0,0,0,0,0,0,0,0,0,0,0,0,0,0,0,0,0,0,0,0,0,0,0,0,0,0,0,0,0,0,0,0,0,4,3
A bumblebee (Bombus ignitus) venom serine protease inhibitor that acts as a microbial serine protease inhibitor,"Wan, Hu; Kim, Bo Yeon; Lee, Kwang Sik; Yoon, Hyung Joo; Lee, Kyung Yong; Jin, Byung Rae",,,,COMPARATIVE BIOCHEMISTRY AND PHYSIOLOGY B-BIOCHEMISTRY & MOLECULAR BIOLOGY,14-Jan,2014,167,,,,,59,64,,10.1016/j.cbpb.2013.10.002,,,7,1.17,0,0,0,0,0,0,0,0,0,0,0,0,0,0,0,0,0,0,0,0,0,0,0,0,0,0,0,0,0,0,0,0,0,0,0,0,0,0,0,0,0,0,0,0,0,0,0,0,0,0,0,0,0,0,0,0,0,0,0,0,0,0,0,0,0,0,0,0,0,0,0,0,0,0,0,0,0,0,0,0,0,0,0,0,0,0,0,0,0,0,0,0,0,0,0,0,0,0,0,0,0,0,0,0,0,0,0,0,0,0,0,0,0,0,0,2,1,3,1,0
Snake Venom Proteins and Peptides as Novel Antibiotics Against Microbial Infections,"Samy, Ramar Perumal; Gopalakrishnakone, Ponnampalam; Satyanarayanajois, Seetharama D.; Stiles, Bradley G.; Chow, Vincent T. K.",,,,CURRENT PROTEOMICS,13-Apr,2013,10,1,,,,10,28,,10.2174/1570164611310010003,,,7,1,0,0,0,0,0,0,0,0,0,0,0,0,0,0,0,0,0,0,0,0,0,0,0,0,0,0,0,0,0,0,0,0,0,0,0,0,0,0,0,0,0,0,0,0,0,0,0,0,0,0,0,0,0,0,0,0,0,0,0,0,0,0,0,0,0,0,0,0,0,0,0,0,0,0,0,0,0,0,0,0,0,0,0,0,0,0,0,0,0,0,0,0,0,0,0,0,0,0,0,0,0,0,0,0,0,0,0,0,0,0,0,0,0,0,0,1,2,3,0,1
Snake venom preparation for drug-resistant human immunodeficiency virus,"Alrajhi, Abdulrahman A.; Almohaizeie, Abdullah",,,,ANNALS OF SAUDI MEDICINE,JUL-AUG 2008,2008,28,4,,,,292,293,,,,,7,0.58,0,0,0,0,0,0,0,0,0,0,0,0,0,0,0,0,0,0,0,0,0,0,0,0,0,0,0,0,0,0,0,0,0,0,0,0,0,0,0,0,0,0,0,0,0,0,0,0,0,0,0,0,0,0,0,0,0,0,0,0,0,0,0,0,0,0,0,0,0,0,0,0,0,0,0,0,0,0,0,0,0,0,0,0,0,0,0,0,0,0,0,0,0,0,0,0,0,0,0,0,0,0,0,0,0,0,0,0,0,1,0,0,0,0,1,0,0,3,2,0
STABILITY OF MICROBRACON-HEBETOR (SAY) VENOM PREPARATIONS,"DRENTH, D",,,,TOXICON,1974,1974,12,5,,,,541,542,,10.1016/0041-0101(74)90046-4,,,7,0.15,0,0,0,0,0,0,0,0,0,0,0,0,0,0,0,0,0,0,0,0,0,0,0,0,0,0,0,0,0,0,0,0,0,0,0,0,0,0,0,0,0,0,0,0,0,0,0,0,0,0,0,0,0,0,0,0,0,0,0,0,0,0,0,0,0,0,0,0,0,0,0,0,0,0,0,0,1,1,0,0,0,0,1,1,0,0,0,0,0,0,0,0,0,0,1,0,0,0,0,0,0,0,0,0,0,0,0,0,0,0,0,0,0,0,1,0,1,0,0,0
"Anti-fungal activity of Ctn[15-341, the C-terminal peptide fragment of crotalicidin, a rattlesnake venom gland cathelicidin","Cavalcante, Carolina Sidrim P.; Falcao, Claudio B.; Fontenelle, Raquel O. S.; Andreu, David; Radis-Baptista, Gandhi",,,,JOURNAL OF ANTIBIOTICS,17-Mar,2017,70,3,,,,231,237,,10.1038/ja.2016.135,,,6,2,0,0,0,0,0,0,0,0,0,0,0,0,0,0,0,0,0,0,0,0,0,0,0,0,0,0,0,0,0,0,0,0,0,0,0,0,0,0,0,0,0,0,0,0,0,0,0,0,0,0,0,0,0,0,0,0,0,0,0,0,0,0,0,0,0,0,0,0,0,0,0,0,0,0,0,0,0,0,0,0,0,0,0,0,0,0,0,0,0,0,0,0,0,0,0,0,0,0,0,0,0,0,0,0,0,0,0,0,0,0,0,0,0,0,0,0,0,2,2,2
"RECOMBINANT IMMUNOSUPPRESSIVE PROTEIN FROM Pimpla hypochondrica VENOM (rVPr1) INCREASES THE SUSCEPTIBILITY OF Mamestra brassicae LARVAE TO THE FUNGAL BIOLOGICAL CONTROL AGENT, Beauveria bassiana","Richards, Elaine H.; Bradish, Hannah; Dani, M. Paulina; Pietravalle, Stephane; Lawson, Ailsa",,,,ARCHIVES OF INSECT BIOCHEMISTRY AND PHYSIOLOGY,11-Nov,2011,78,3,,,,119,131,,10.1002/arch.20447,,,6,0.67,0,0,0,0,0,0,0,0,0,0,0,0,0,0,0,0,0,0,0,0,0,0,0,0,0,0,0,0,0,0,0,0,0,0,0,0,0,0,0,0,0,0,0,0,0,0,0,0,0,0,0,0,0,0,0,0,0,0,0,0,0,0,0,0,0,0,0,0,0,0,0,0,0,0,0,0,0,0,0,0,0,0,0,0,0,0,0,0,0,0,0,0,0,0,0,0,0,0,0,0,0,0,0,0,0,0,0,0,0,0,0,0,0,1,0,2,0,2,1,0
Toxin Fused with SUMO Tag: A New Expression Vector Strategy to Obtain Recombinant Venom Toxins with Easy Tag Removal inside the Bacteria,"Shimokawa-Falcao, Lhiri H. A. L.; Caporrino, Maria C.; Barbaro, Katia C.; Della-Casa, Maisa S.; Magalhaes, Geraldo S.",,,,TOXINS,17-Mar,2017,9,3,,,,,,82,10.3390/toxins9030082,,,5,1.67,0,0,0,0,0,0,0,0,0,0,0,0,0,0,0,0,0,0,0,0,0,0,0,0,0,0,0,0,0,0,0,0,0,0,0,0,0,0,0,0,0,0,0,0,0,0,0,0,0,0,0,0,0,0,0,0,0,0,0,0,0,0,0,0,0,0,0,0,0,0,0,0,0,0,0,0,0,0,0,0,0,0,0,0,0,0,0,0,0,0,0,0,0,0,0,0,0,0,0,0,0,0,0,0,0,0,0,0,0,0,0,0,0,0,0,0,0,0,4,1
Honeybee (Apis mellifera) Venom Reinforces Viral Clearance during the Early Stage of Infection with Porcine Reproductive and Respiratory Syndrome Virus through the Up-Regulation of Th1-Specific Immune Responses,"Lee, Jin-A; Kim, Yun-Mi; Hyun, Pung-Mi; Jeon, Jong-Woon; Park, Jin-Kyu; Suh, Guk-Hyun; Jung, Bock-Gie; Lee, Bong-Joo",,,,TOXINS,15-May,2015,7,5,,,,1837,1853,,10.3390/toxins7051837,,,5,1,0,0,0,0,0,0,0,0,0,0,0,0,0,0,0,0,0,0,0,0,0,0,0,0,0,0,0,0,0,0,0,0,0,0,0,0,0,0,0,0,0,0,0,0,0,0,0,0,0,0,0,0,0,0,0,0,0,0,0,0,0,0,0,0,0,0,0,0,0,0,0,0,0,0,0,0,0,0,0,0,0,0,0,0,0,0,0,0,0,0,0,0,0,0,0,0,0,0,0,0,0,0,0,0,0,0,0,0,0,0,0,0,0,0,0,0,3,1,1,0
"Bacterial Overexpression of Recombinant Heteroscorpine-1 (rHS-1), a Toxin from Heterometrus laoticus Scorpion Venom: Trends for Antibacterial Application and Antivenom Production","Uawonggul, Nunthawun; Sukprasert, Sophida; Incamnoi, Paroonkorn; Patramanon, Rina; Thammasirirak, Sompong; Preecharram, Sutthidech; Bunyatratchata, Wandee; Kuaprasert, Buabarn; Daduang, Jureerut; Daduang, Sakda",,,,BIOCHEMICAL GENETICS,14-Dec,2014,52,12-Nov,,,,459,473,,10.1007/s10528-014-9660-y,,,5,0.83,0,0,0,0,0,0,0,0,0,0,0,0,0,0,0,0,0,0,0,0,0,0,0,0,0,0,0,0,0,0,0,0,0,0,0,0,0,0,0,0,0,0,0,0,0,0,0,0,0,0,0,0,0,0,0,0,0,0,0,0,0,0,0,0,0,0,0,0,0,0,0,0,0,0,0,0,0,0,0,0,0,0,0,0,0,0,0,0,0,0,0,0,0,0,0,0,0,0,0,0,0,0,0,0,0,0,0,0,0,0,0,0,0,0,0,0,0,1,4,0
Mechanisms of virus resistance and antiviral activity of snake venoms,"Rivero, J. V. R.; de Castro, F. O. F.; Stival, A. S.; Magalhaes, M. R.; Carmo Filho, J. R.; Pfrimer, I. A. H.",,,,JOURNAL OF VENOMOUS ANIMALS AND TOXINS INCLUDING TROPICAL DISEASES,2011,2011,17,4,,,,387,393,,,,,5,0.56,0,0,0,0,0,0,0,0,0,0,0,0,0,0,0,0,0,0,0,0,0,0,0,0,0,0,0,0,0,0,0,0,0,0,0,0,0,0,0,0,0,0,0,0,0,0,0,0,0,0,0,0,0,0,0,0,0,0,0,0,0,0,0,0,0,0,0,0,0,0,0,0,0,0,0,0,0,0,0,0,0,0,0,0,0,0,0,0,0,0,0,0,0,0,0,0,0,0,0,0,0,0,0,0,0,0,0,0,0,0,0,0,0,0,0,0,0,2,3,0
EFFECTS OF COBRA VENOM FACTOR TREATMENT ON LATENT FELINE LEUKEMIA-VIRUS INFECTION,"KRAUT, EH; ROJKO, JL; OLSEN, RG; TUOMARI, DL",,,,JOURNAL OF VIROLOGY,1985,1985,54,3,,,,873,875,,,,,5,0.14,0,0,0,0,0,0,0,0,0,0,0,0,0,0,0,0,0,0,0,0,0,0,0,0,0,0,0,0,0,0,0,0,0,0,0,0,0,0,0,0,0,0,0,0,0,0,0,0,0,0,0,0,0,0,0,0,0,0,0,0,0,0,0,0,0,0,0,0,0,0,0,0,0,0,0,0,0,0,0,0,0,0,0,0,0,0,0,2,1,0,0,1,0,0,0,0,0,0,0,1,0,0,0,0,0,0,0,0,0,0,0,0,0,0,0,0,0,0,0,0
USE OF SNAKE VENOM PHOSPHODIESTERASE IN PLACE OF PANCREATIC RIBONUCLEASE FOR TESTING OF NUCLEIC ACID PREPARATIONS FROM TOBACCO MOSAIC VIRUS,"DIENER, TO",,,,NATURE,1961,1961,189,476,,,,687,&,,10.1038/189687b0,,,5,0.08,0,0,0,0,0,0,0,0,0,0,0,0,0,0,0,0,0,0,0,0,0,0,0,0,0,0,0,0,0,0,0,0,0,0,0,0,0,0,0,0,0,0,0,0,0,0,0,0,0,0,0,0,0,0,0,0,0,0,0,0,0,0,1,1,1,1,0,1,0,0,0,0,0,0,0,0,0,0,0,0,0,0,0,0,0,0,0,0,0,0,0,0,0,0,0,0,0,0,0,0,0,0,0,0,0,0,0,0,0,0,0,0,0,0,0,0,0,0,0,0
Anti-fibrinolytic and anti-microbial activities of a serine protease inhibitor from honeybee (Apis cerana) venom,"Yang, Jie; Lee, Kwang Sik; Kim, Bo Yeon; Choi, Yong Soo; Yoon, Hyung Joo; Jia, Jingming; Jin, Byung Rae",,,,COMPARATIVE BIOCHEMISTRY AND PHYSIOLOGY C-TOXICOLOGY & PHARMACOLOGY,17-Oct,2017,201,,,,,11,18,,10.1016/j.cbpc.2017.09.001,,,4,1.33,0,0,0,0,0,0,0,0,0,0,0,0,0,0,0,0,0,0,0,0,0,0,0,0,0,0,0,0,0,0,0,0,0,0,0,0,0,0,0,0,0,0,0,0,0,0,0,0,0,0,0,0,0,0,0,0,0,0,0,0,0,0,0,0,0,0,0,0,0,0,0,0,0,0,0,0,0,0,0,0,0,0,0,0,0,0,0,0,0,0,0,0,0,0,0,0,0,0,0,0,0,0,0,0,0,0,0,0,0,0,0,0,0,0,0,0,0,0,2,2
Assessment of Cultivable Oral Bacterial Flora from Important Venomous Snakes of India and Their Antibiotic Susceptibilities,"Shaikh, Innus K.; Dixit, Prashant P.; Pawade, Balasaheb S.; Potnis-Lele, Mugdha; Kurhe, Babasaheb P.",,,,CURRENT MICROBIOLOGY,17-Nov,2017,74,11,,,,1278,1286,,10.1007/s00284-017-1313-z,,,3,1,0,0,0,0,0,0,0,0,0,0,0,0,0,0,0,0,0,0,0,0,0,0,0,0,0,0,0,0,0,0,0,0,0,0,0,0,0,0,0,0,0,0,0,0,0,0,0,0,0,0,0,0,0,0,0,0,0,0,0,0,0,0,0,0,0,0,0,0,0,0,0,0,0,0,0,0,0,0,0,0,0,0,0,0,0,0,0,0,0,0,0,0,0,0,0,0,0,0,0,0,0,0,0,0,0,0,0,0,0,0,0,0,0,0,0,0,0,0,2,1
Immunosuppression of Insects by the Venom of Habrobracon hebetor Increases the Sensitivity of Bait Method for the Isolation of Entomopathogenic Fungi from Soils,"Kryukov, V. Yu.; Tyurin, M. V.; Tomilova, O. G.; Yaroslavtseva, O. N.; Kryukova, N. A.; Duisembekov, B. A.; Tokarev, Yu. S.; Glupov, V. V.",,,,BIOLOGY BULLETIN,17-Jul,2017,44,4,,,,401,405,,10.1134/S1062359017030050,,,3,1,0,0,0,0,0,0,0,0,0,0,0,0,0,0,0,0,0,0,0,0,0,0,0,0,0,0,0,0,0,0,0,0,0,0,0,0,0,0,0,0,0,0,0,0,0,0,0,0,0,0,0,0,0,0,0,0,0,0,0,0,0,0,0,0,0,0,0,0,0,0,0,0,0,0,0,0,0,0,0,0,0,0,0,0,0,0,0,0,0,0,0,0,0,0,0,0,0,0,0,0,0,0,0,0,0,0,0,0,0,0,0,0,0,0,0,0,0,1,1,1
Synthetic secapin bee venom peptide exerts an anti-microbial effect but not a cytotoxic or inflammatory response,"Kim, Bo Yeon; Lee, Kwang Sik; Ok, Min; Jin, Byung Rae",,,,JOURNAL OF ASIA-PACIFIC ENTOMOLOGY,17-Mar,2017,20,1,,,,151,155,,10.1016/j.aspen.2016.12.009,,,3,1,0,0,0,0,0,0,0,0,0,0,0,0,0,0,0,0,0,0,0,0,0,0,0,0,0,0,0,0,0,0,0,0,0,0,0,0,0,0,0,0,0,0,0,0,0,0,0,0,0,0,0,0,0,0,0,0,0,0,0,0,0,0,0,0,0,0,0,0,0,0,0,0,0,0,0,0,0,0,0,0,0,0,0,0,0,0,0,0,0,0,0,0,0,0,0,0,0,0,0,0,0,0,0,0,0,0,0,0,0,0,0,0,0,0,0,0,0,0,1,2
Prophylactic immunization of mice with phospholipase A2-loaded gas-filled microbubbles is protective against Th2-mediated honeybee venom allergy,"Bioley, G.; Lassus, A.; Terrettaz, J.; Tranquart, F.; Corthesy, B.",,,,CLINICAL AND EXPERIMENTAL ALLERGY,16-Jan,2016,46,1,,,,153,162,,10.1111/cea.12555,,,3,0.75,0,0,0,0,0,0,0,0,0,0,0,0,0,0,0,0,0,0,0,0,0,0,0,0,0,0,0,0,0,0,0,0,0,0,0,0,0,0,0,0,0,0,0,0,0,0,0,0,0,0,0,0,0,0,0,0,0,0,0,0,0,0,0,0,0,0,0,0,0,0,0,0,0,0,0,0,0,0,0,0,0,0,0,0,0,0,0,0,0,0,0,0,0,0,0,0,0,0,0,0,0,0,0,0,0,0,0,0,0,0,0,0,0,0,0,0,1,2,0,0
Inhibition of larval growth in the gypsy moth (Lepidoptera : Lymantriidae) by venom from the parasitic wasp Microbracon hebetor (Hymenoptera : Braconidae),"Masler, EP; Kovaleva, ES",,,,JOURNAL OF ENTOMOLOGICAL SCIENCE,Oct-99,1999,34,4,,,,435,444,,10.18474/0749-8004-34.4.435,,,3,0.14,0,0,0,0,0,0,0,0,0,0,0,0,0,0,0,0,0,0,0,0,0,0,0,0,0,0,0,0,0,0,0,0,0,0,0,0,0,0,0,0,0,0,0,0,0,0,0,0,0,0,0,0,0,0,0,0,0,0,0,0,0,0,0,0,0,0,0,0,0,0,0,0,0,0,0,0,0,0,0,0,0,0,0,0,0,0,0,0,0,0,0,0,0,0,0,0,0,0,0,0,0,0,0,0,0,0,2,0,0,0,0,0,0,0,0,1,0,0,0,0
ECHINHIBIN-1 - AN INHIBITOR OF SENDAI VIRUS ISOLATED FROM THE VENOM OF THE SNAKE ECHIS-COLORATUS,"BORKOW, G; OVADIA, M",,,,ANTIVIRAL RESEARCH,Feb-94,1994,23,2,,,,161,176,,10.1016/0166-3542(94)90042-6,,,3,0.12,0,0,0,0,0,0,0,0,0,0,0,0,0,0,0,0,0,0,0,0,0,0,0,0,0,0,0,0,0,0,0,0,0,0,0,0,0,0,0,0,0,0,0,0,0,0,0,0,0,0,0,0,0,0,0,0,0,0,0,0,0,0,0,0,0,0,0,0,0,0,0,0,0,0,0,0,0,0,0,0,0,0,0,0,0,0,0,0,0,0,0,0,0,0,0,0,0,0,1,1,0,0,1,0,0,0,0,0,0,0,0,0,0,0,0,0,0,0,0,0
INHIBITION OF SENDAI VIRUS BY VARIOUS SNAKE-VENOM,"BORKOW, G; OVADIA, M",,,,LIFE SCIENCES,1992,1992,51,16,,,,1261,1267,,10.1016/0024-3205(92)90015-H,,,3,0.11,0,0,0,0,0,0,0,0,0,0,0,0,0,0,0,0,0,0,0,0,0,0,0,0,0,0,0,0,0,0,0,0,0,0,0,0,0,0,0,0,0,0,0,0,0,0,0,0,0,0,0,0,0,0,0,0,0,0,0,0,0,0,0,0,0,0,0,0,0,0,0,0,0,0,0,0,0,0,0,0,0,0,0,0,0,0,0,0,0,0,0,0,0,0,1,1,0,0,0,1,0,0,0,0,0,0,0,0,0,0,0,0,0,0,0,0,0,0,0,0
A novel bactericidal homodimeric PLA(2) group-I from Walterinnesia aegyptia venom,"Ben Bacha, Abir; Alonazi, Mona Awad; Elshikh, Mohamed Solman; Karray, Aida",,,,INTERNATIONAL JOURNAL OF BIOLOGICAL MACROMOLECULES,OCT 1 2018,2018,117,,,,,1140,1146,,10.1016/j.ijbiomac.2018.06.024,,,2,1,0,0,0,0,0,0,0,0,0,0,0,0,0,0,0,0,0,0,0,0,0,0,0,0,0,0,0,0,0,0,0,0,0,0,0,0,0,0,0,0,0,0,0,0,0,0,0,0,0,0,0,0,0,0,0,0,0,0,0,0,0,0,0,0,0,0,0,0,0,0,0,0,0,0,0,0,0,0,0,0,0,0,0,0,0,0,0,0,0,0,0,0,0,0,0,0,0,0,0,0,0,0,0,0,0,0,0,0,0,0,0,0,0,0,0,0,0,0,0,2
"L-Amino acid oxidase from Cerastes vipera snake venom: Isolation, characterization and biological effects on bacteria and tumor cell lines","Salama, Walaa H.; Ibrahim, Nihal M.; El Hakim, Amr E.; Bassuiny, Roqaya, I; Mohamed, Manal M.; Mousa, Fatma M.; Ali, Mamdouh M.",,,,TOXICON,18-Aug,2018,150,,,,,270,279,,10.1016/j.toxicon.2018.06.064,,,2,1,0,0,0,0,0,0,0,0,0,0,0,0,0,0,0,0,0,0,0,0,0,0,0,0,0,0,0,0,0,0,0,0,0,0,0,0,0,0,0,0,0,0,0,0,0,0,0,0,0,0,0,0,0,0,0,0,0,0,0,0,0,0,0,0,0,0,0,0,0,0,0,0,0,0,0,0,0,0,0,0,0,0,0,0,0,0,0,0,0,0,0,0,0,0,0,0,0,0,0,0,0,0,0,0,0,0,0,0,0,0,0,0,0,0,0,0,0,0,1,1
"Antifungal Activity against Filamentous Fungi of Ts1, a Multifunctional Toxin from Tityus serrulatus Scorpion Venom","Santussi, Welligton M.; Bordon, Karla C. F.; Rodrigues Alves, Ana P. N.; Cologna, Camila T.; Said, Suraia; Arantes, Eliane C.",,,,FRONTIERS IN MICROBIOLOGY,JUN 6 2017,2017,8,,,,,,,984,10.3389/fmicb.2017.00984,,,2,0.67,0,0,0,0,0,0,0,0,0,0,0,0,0,0,0,0,0,0,0,0,0,0,0,0,0,0,0,0,0,0,0,0,0,0,0,0,0,0,0,0,0,0,0,0,0,0,0,0,0,0,0,0,0,0,0,0,0,0,0,0,0,0,0,0,0,0,0,0,0,0,0,0,0,0,0,0,0,0,0,0,0,0,0,0,0,0,0,0,0,0,0,0,0,0,0,0,0,0,0,0,0,0,0,0,0,0,0,0,0,0,0,0,0,0,0,0,0,0,1,1
Bee Venom (Apis Mellifera) an Effective Potential Alternative to Gentamicin for Specific Bacteria Strains - Bee Venom an Effective Potential for Bacteria,"Zolfagharian, Hossein; Mohajeri, Mohammad; Babaie, Mahdi",,,,JOURNAL OF PHARMACOPUNCTURE,16-Sep,2016,19,3,,,,225,230,,10.3831/KPI.2016.19.023,,,2,0.5,0,0,0,0,0,0,0,0,0,0,0,0,0,0,0,0,0,0,0,0,0,0,0,0,0,0,0,0,0,0,0,0,0,0,0,0,0,0,0,0,0,0,0,0,0,0,0,0,0,0,0,0,0,0,0,0,0,0,0,0,0,0,0,0,0,0,0,0,0,0,0,0,0,0,0,0,0,0,0,0,0,0,0,0,0,0,0,0,0,0,0,0,0,0,0,0,0,0,0,0,0,0,0,0,0,0,0,0,0,0,0,0,0,0,0,0,0,0,1,1
Bee Venom Reduces Fungi Induced Bronchial Epithelial Cells Activation Through Down Regulation of NF-kappa B,"Shin, Seung-Heon; Ye, Mi-Kyung; Kim, Jung-Kyu; Park, Kwan-Kyu",,,,INTERNATIONAL JOURNAL OF PHARMACOLOGY,FEB 15 2013,2013,9,2,,,,143,149,,10.3923/ijp.2013.143.149,,,2,0.29,0,0,0,0,0,0,0,0,0,0,0,0,0,0,0,0,0,0,0,0,0,0,0,0,0,0,0,0,0,0,0,0,0,0,0,0,0,0,0,0,0,0,0,0,0,0,0,0,0,0,0,0,0,0,0,0,0,0,0,0,0,0,0,0,0,0,0,0,0,0,0,0,0,0,0,0,0,0,0,0,0,0,0,0,0,0,0,0,0,0,0,0,0,0,0,0,0,0,0,0,0,0,0,0,0,0,0,0,0,0,0,0,0,0,1,0,1,0,0,0
INACTIVATION OF FRIEND VIRUS BY SNAKE VENOM,"OKABE, K; KASUGA, T; SUGIMURA, T",,,,GANN,1964,1964,55,1,,,,19,&,,,,,2,0.04,0,0,0,0,0,0,0,0,0,0,0,0,0,0,0,0,0,0,0,0,0,0,0,0,0,0,0,0,0,0,0,0,0,0,0,0,0,0,0,0,0,0,0,0,0,0,0,0,0,0,0,0,0,0,0,0,0,0,0,0,0,0,0,0,0,0,0,0,0,2,0,0,0,0,0,0,0,0,0,0,0,0,0,0,0,0,0,0,0,0,0,0,0,0,0,0,0,0,0,0,0,0,0,0,0,0,0,0,0,0,0,0,0,0,0,0,0,0,0,0
"Meucin-49, a multifunctional scorpion venom peptide with bactericidal synergy with neurotoxins","Gao, Bin; Dalziel, Julie; Tanzi, Simone; Zhu, Shunyi",,,,AMINO ACIDS,18-Aug,2018,50,8,,,,1025,1043,,10.1007/s00726-018-2580-0,,,1,0.5,0,0,0,0,0,0,0,0,0,0,0,0,0,0,0,0,0,0,0,0,0,0,0,0,0,0,0,0,0,0,0,0,0,0,0,0,0,0,0,0,0,0,0,0,0,0,0,0,0,0,0,0,0,0,0,0,0,0,0,0,0,0,0,0,0,0,0,0,0,0,0,0,0,0,0,0,0,0,0,0,0,0,0,0,0,0,0,0,0,0,0,0,0,0,0,0,0,0,0,0,0,0,0,0,0,0,0,0,0,0,0,0,0,0,0,0,0,0,0,1
"A3, a Scorpion Venom Derived Peptide Analogue with Potent Antimicrobial and Potential Antibiofilm Activity against Clinical Isolates of Multi-Drug Resistant Gram Positive Bacteria","Almaaytah, Ammar; Farajallah, Ahmad; Abualhaijaa, Ahmad; Al-Balas, Qosay",,,,MOLECULES,18-Jul,2018,23,7,,,,,,1603,10.3390/molecules23071603,,,1,0.5,0,0,0,0,0,0,0,0,0,0,0,0,0,0,0,0,0,0,0,0,0,0,0,0,0,0,0,0,0,0,0,0,0,0,0,0,0,0,0,0,0,0,0,0,0,0,0,0,0,0,0,0,0,0,0,0,0,0,0,0,0,0,0,0,0,0,0,0,0,0,0,0,0,0,0,0,0,0,0,0,0,0,0,0,0,0,0,0,0,0,0,0,0,0,0,0,0,0,0,0,0,0,0,0,0,0,0,0,0,0,0,0,0,0,0,0,0,0,0,1
Therapeutic Potential of a Scorpion Venom-Derived Antimicrobial Peptide and Its Homologs Against Antibiotic-Resistant Gram-Positive Bacteria,"Liu, Gaomin; Yang, Fan; Li, Fangfang; Li, Zhongjie; Lang, Yange; Shen, Bingzheng; Wu, Yingliang; Li, Wenxin; Harrison, Patrick L.; Strong, Peter N.; Xie, Yingqiu; Miller, Keith; Cao, Zhijian",,,,FRONTIERS IN MICROBIOLOGY,MAY 29 2018,2018,9,,,,,,,1159,10.3389/fmicb.2018.01159,,,1,0.5,0,0,0,0,0,0,0,0,0,0,0,0,0,0,0,0,0,0,0,0,0,0,0,0,0,0,0,0,0,0,0,0,0,0,0,0,0,0,0,0,0,0,0,0,0,0,0,0,0,0,0,0,0,0,0,0,0,0,0,0,0,0,0,0,0,0,0,0,0,0,0,0,0,0,0,0,0,0,0,0,0,0,0,0,0,0,0,0,0,0,0,0,0,0,0,0,0,0,0,0,0,0,0,0,0,0,0,0,0,0,0,0,0,0,0,0,0,0,0,1
Macropis fulvipes Venom component Macropin Exerts its Antibacterial and Anti-Biofilm Properties by Damaging the Plasma Membranes of Drug Resistant Bacteria,"Ko, Su Jin; Kim, Min Kyung; Bang, Jeong Kyu; Seo, Chang Ho; Luchian, Tudor; Park, Yoonkyung",,,,SCIENTIFIC REPORTS,NOV 29 2017,2017,7,,,,,,,16580,10.1038/s41598-017-16784-6,,,1,0.33,0,0,0,0,0,0,0,0,0,0,0,0,0,0,0,0,0,0,0,0,0,0,0,0,0,0,0,0,0,0,0,0,0,0,0,0,0,0,0,0,0,0,0,0,0,0,0,0,0,0,0,0,0,0,0,0,0,0,0,0,0,0,0,0,0,0,0,0,0,0,0,0,0,0,0,0,0,0,0,0,0,0,0,0,0,0,0,0,0,0,0,0,0,0,0,0,0,0,0,0,0,0,0,0,0,0,0,0,0,0,0,0,0,0,0,0,0,0,1,0
Efficacy of a therapeutic treatment using gas-filled microbubble-associated phospholipase A2 in a mouse model of honeybee venom allergy,"Corthesy, B.; Lassus, A.; Terrettaz, J.; Tranquart, F.; Bioley, G.",,,,ALLERGY,16-Jul,2016,71,7,,,,957,966,,10.1111/all.12859,,,1,0.25,0,0,0,0,0,0,0,0,0,0,0,0,0,0,0,0,0,0,0,0,0,0,0,0,0,0,0,0,0,0,0,0,0,0,0,0,0,0,0,0,0,0,0,0,0,0,0,0,0,0,0,0,0,0,0,0,0,0,0,0,0,0,0,0,0,0,0,0,0,0,0,0,0,0,0,0,0,0,0,0,0,0,0,0,0,0,0,0,0,0,0,0,0,0,0,0,0,0,0,0,0,0,0,0,0,0,0,0,0,0,0,0,0,0,0,0,0,1,0,0
Inhibitory activities of venom alkaloids of Red Imported Fire Ant against Clavibacter michiganensis subsp michiganensis in vitro and the application of piperidine alkaloids to manage symptom development of bacterial canker on tomato in the greenhouse,"Li, Shezeng; Jin, Xixuan; Chen, Jian; Lu, Shien",,,,INTERNATIONAL JOURNAL OF PEST MANAGEMENT,APR 1 2013,2013,59,2,,,,150,156,,10.1080/09670874.2013.784931,,,1,0.14,0,0,0,0,0,0,0,0,0,0,0,0,0,0,0,0,0,0,0,0,0,0,0,0,0,0,0,0,0,0,0,0,0,0,0,0,0,0,0,0,0,0,0,0,0,0,0,0,0,0,0,0,0,0,0,0,0,0,0,0,0,0,0,0,0,0,0,0,0,0,0,0,0,0,0,0,0,0,0,0,0,0,0,0,0,0,0,0,0,0,0,0,0,0,0,0,0,0,0,0,0,0,0,0,0,0,0,0,0,0,0,0,0,0,0,0,0,1,0,0
SNAKE VENOMS-A PERSPECTIVE FOR DEVELOPMENT OF DRUGS AGAINST MICROBES,"Domingues Passero, Luiz Felipe; de Sousa, Karina Fires",,,"Gjersoe, J; Hundstad, S","VENOMS: SOURCES, TOXICITY AND THERAPEUTIC USES",2010,2010,,,,,,77,95,,,,,1,0.1,0,0,0,0,0,0,0,0,0,0,0,0,0,0,0,0,0,0,0,0,0,0,0,0,0,0,0,0,0,0,0,0,0,0,0,0,0,0,0,0,0,0,0,0,0,0,0,0,0,0,0,0,0,0,0,0,0,0,0,0,0,0,0,0,0,0,0,0,0,0,0,0,0,0,0,0,0,0,0,0,0,0,0,0,0,0,0,0,0,0,0,0,0,0,0,0,0,0,0,0,0,0,0,0,0,0,0,0,0,0,0,0,0,1,0,0,0,0,0,0
RE: Snake venom preparation for drug-resistant human immunodeficiency virus,"Meenakshisundaram, Ramachandran; Uma, Alagappan; Subramanian, Ponniah Thirumalaikolundu",,,,ANNALS OF SAUDI MEDICINE,MAR-APR 2009,2009,29,2,,,,159,159,,10.4103/0256-4947.51791,,,1,0.09,0,0,0,0,0,0,0,0,0,0,0,0,0,0,0,0,0,0,0,0,0,0,0,0,0,0,0,0,0,0,0,0,0,0,0,0,0,0,0,0,0,0,0,0,0,0,0,0,0,0,0,0,0,0,0,0,0,0,0,0,0,0,0,0,0,0,0,0,0,0,0,0,0,0,0,0,0,0,0,0,0,0,0,0,0,0,0,0,0,0,0,0,0,0,0,0,0,0,0,0,0,0,0,0,0,0,0,0,0,0,0,0,0,0,0,0,0,1,0,0
Activity of cytotoxin P-4 from the venom of the cobra snake Naja nigricollis on gram-positive bacteria and eukaryotic cell lines,"Mollmann, U; Gutsche, W; Maltz, L; Ovadia, M",,,,ARZNEIMITTEL-FORSCHUNG/DRUG RESEARCH,May-97,1997,47,5,,,,671,673,,,,,1,0.04,0,0,0,0,0,0,0,0,0,0,0,0,0,0,0,0,0,0,0,0,0,0,0,0,0,0,0,0,0,0,0,0,0,0,0,0,0,0,0,0,0,0,0,0,0,0,0,0,0,0,0,0,0,0,0,0,0,0,0,0,0,0,0,0,0,0,0,0,0,0,0,0,0,0,0,0,0,0,0,0,0,0,0,0,0,0,0,0,0,0,0,0,0,0,0,0,0,0,0,0,0,0,0,1,0,0,0,0,0,0,0,0,0,0,0,0,0,0,0,0
EFFECT OF COBRA VENOM FACTOR ON THE RESPONSE OF WISTAR-FURTH RATS TO THE GROSS-VIRUS-INDUCED (C58NT)D-LYMPHOMA,"MIZOGUCHI, Y; OSLER, AG",,,,INTERNATIONAL ARCHIVES OF ALLERGY AND APPLIED IMMUNOLOGY,1979,1979,58,3,,,,302,312,,10.1159/000232206,,,1,0.02,0,0,0,0,0,0,0,0,0,0,0,0,0,0,0,0,0,0,0,0,0,0,0,0,0,0,0,0,0,0,0,0,0,0,0,0,0,0,0,0,0,0,0,0,0,0,0,0,0,0,0,0,0,0,0,0,0,0,0,0,0,0,0,0,0,0,0,0,0,0,0,0,0,0,0,0,0,0,0,0,0,0,0,0,0,0,0,0,0,0,0,0,0,0,0,0,0,0,0,0,0,0,0,1,0,0,0,0,0,0,0,0,0,0,0,0,0,0,0,0
BACTERIA ASSOCIATED WITH VENOM IN PUFF-ADDERS,"HATTINGH, J; WILLIAMS, C; BEISSNER, I",,,,SOUTH AFRICAN JOURNAL OF SCIENCE,1979,1979,75,4,,,,189,190,,,,,1,0.02,0,0,0,0,0,0,0,0,0,0,0,0,0,0,0,0,0,0,0,0,0,0,0,0,0,0,0,0,0,0,0,0,0,0,0,0,0,0,0,0,0,0,0,0,0,0,0,0,0,0,0,0,0,0,0,0,0,0,0,0,0,0,0,0,0,0,0,0,0,0,0,0,0,0,0,0,0,0,0,1,0,0,0,0,0,0,0,0,0,0,0,0,0,0,0,0,0,0,0,0,0,0,0,0,0,0,0,0,0,0,0,0,0,0,0,0,0,0,0,0
Nontoxic fraction of scorpion venom reduces bacterial growth and inflammatory response in a mouse model of infection,"Zerouti, Khedidja; Khemili, Dalila; Laraba-Djebari, Fatima; Hammoudi-Triki, Djelila",,,,TOXIN REVIEWS,,2019,,,,,,,,,10.1080/15569543.2019.1614064,,,0,0,0,0,0,0,0,0,0,0,0,0,0,0,0,0,0,0,0,0,0,0,0,0,0,0,0,0,0,0,0,0,0,0,0,0,0,0,0,0,0,0,0,0,0,0,0,0,0,0,0,0,0,0,0,0,0,0,0,0,0,0,0,0,0,0,0,0,0,0,0,0,0,0,0,0,0,0,0,0,0,0,0,0,0,0,0,0,0,0,0,0,0,0,0,0,0,0,0,0,0,0,0,0,0,0,0,0,0,0,0,0,0,0,0,0,0,0,0,0,0,0
Comparative analysis of intestinal bacteria among venom secretion and non-secrection snakes,"Qin, Zuodong; Wang, Siqi; Guo, Dezhi; Zhu, Jialiang; Chen, Huahai; Bai, Le; Luo, Xiaofang; Yin, Yeshi",,,,SCIENTIFIC REPORTS,APR 19 2019,2019,9,,,,,,,6335,10.1038/s41598-019-42787-6,,,0,0,0,0,0,0,0,0,0,0,0,0,0,0,0,0,0,0,0,0,0,0,0,0,0,0,0,0,0,0,0,0,0,0,0,0,0,0,0,0,0,0,0,0,0,0,0,0,0,0,0,0,0,0,0,0,0,0,0,0,0,0,0,0,0,0,0,0,0,0,0,0,0,0,0,0,0,0,0,0,0,0,0,0,0,0,0,0,0,0,0,0,0,0,0,0,0,0,0,0,0,0,0,0,0,0,0,0,0,0,0,0,0,0,0,0,0,0,0,0,0,0
"A New Topical Eye Drop Containing LyeTxI-b, A Synthetic Peptide Designed from A Lycosa erithrognata Venom Toxin, Was Effective to Treat Resistant Bacterial Keratitis","da Silva, Carolina Nunes; da Silva, Flavia Rodrigues; Nunes Dourado, Lays Fernanda; Mendes dos Reis, Pablo Victor; Silva, Rummenigge Oliveira; da Costa, Bruna Lopes; Nunes, Paula Santos; Amaral, Flavio Almeida; dos Santos, Vera Lucia; de Lima, Maria Elena; Cunha Junior, Armando da Silva",,,,TOXINS,19-Apr,2019,11,4,,,,,,203,10.3390/toxins11040203,,,0,0,0,0,0,0,0,0,0,0,0,0,0,0,0,0,0,0,0,0,0,0,0,0,0,0,0,0,0,0,0,0,0,0,0,0,0,0,0,0,0,0,0,0,0,0,0,0,0,0,0,0,0,0,0,0,0,0,0,0,0,0,0,0,0,0,0,0,0,0,0,0,0,0,0,0,0,0,0,0,0,0,0,0,0,0,0,0,0,0,0,0,0,0,0,0,0,0,0,0,0,0,0,0,0,0,0,0,0,0,0,0,0,0,0,0,0,0,0,0,0,0
Antiretroviral activity of Pterois volitans (red lionfish) venom in the early development of human immunodeficiency virus/acquired immunodeficiency syndrome antiretroviral alternative source,"Sommeng, Andy Noorsaman; Arya, R. Muhammad Yusuf; Ginting, Mikael Januardi; Pratami, Diah Kartika; Hermansyah, Heri; Sahlan, Muhamad; Wijanarko, Anondho",,,,VETERINARY WORLD,19-Feb,2019,12,2,,,,309,315,,10.14202/vetworld.2019.309-315,,,0,0,0,0,0,0,0,0,0,0,0,0,0,0,0,0,0,0,0,0,0,0,0,0,0,0,0,0,0,0,0,0,0,0,0,0,0,0,0,0,0,0,0,0,0,0,0,0,0,0,0,0,0,0,0,0,0,0,0,0,0,0,0,0,0,0,0,0,0,0,0,0,0,0,0,0,0,0,0,0,0,0,0,0,0,0,0,0,0,0,0,0,0,0,0,0,0,0,0,0,0,0,0,0,0,0,0,0,0,0,0,0,0,0,0,0,0,0,0,0,0,0
Next-generation sequencing analysis reveals high bacterial diversity in wild venomous and non-venomous snakes from India.,"Krishnankutty, Sajesh Puthenpurackal; Muraleedharan, Megha; Perumal, Rajadurai Chinnasamy; Michael, Saju; Benny, Jubina; Balan, Bipin; Kumar, Pramod; Manazhi, Jishnu; Kumar, Bangaruswamy Dhinoth; Santhosh, Sam; Thomas, George; Gupta, Ravi; Zachariah, Arun",,,,JOURNAL OF VENOMOUS ANIMALS AND TOXINS INCLUDING TROPICAL DISEASES,DEC 22 2018,2018,24,,,,,,,41,10.1186/s40409-018-0181-8,,,0,0,0,0,0,0,0,0,0,0,0,0,0,0,0,0,0,0,0,0,0,0,0,0,0,0,0,0,0,0,0,0,0,0,0,0,0,0,0,0,0,0,0,0,0,0,0,0,0,0,0,0,0,0,0,0,0,0,0,0,0,0,0,0,0,0,0,0,0,0,0,0,0,0,0,0,0,0,0,0,0,0,0,0,0,0,0,0,0,0,0,0,0,0,0,0,0,0,0,0,0,0,0,0,0,0,0,0,0,0,0,0,0,0,0,0,0,0,0,0,0,0
"Snake Venom, an Unbeheld Drug for Nipah Virus? A Lead from Ayurveda","Mohan, Preethi",,,,JOURNAL OF CLINICAL AND DIAGNOSTIC RESEARCH,18-Dec,2018,12,12,,,,,,,10.7860/JCDR/2018/37928.12367,,,0,0,0,0,0,0,0,0,0,0,0,0,0,0,0,0,0,0,0,0,0,0,0,0,0,0,0,0,0,0,0,0,0,0,0,0,0,0,0,0,0,0,0,0,0,0,0,0,0,0,0,0,0,0,0,0,0,0,0,0,0,0,0,0,0,0,0,0,0,0,0,0,0,0,0,0,0,0,0,0,0,0,0,0,0,0,0,0,0,0,0,0,0,0,0,0,0,0,0,0,0,0,0,0,0,0,0,0,0,0,0,0,0,0,0,0,0,0,0,0,0,0
A connection between antimicrobial properties of venom peptides and microbial ATP synthase,"Syed, Hiba; Tauseef, Mohammad; Ahmad, Zulficiar",,,,INTERNATIONAL JOURNAL OF BIOLOGICAL MACROMOLECULES,18-Nov,2018,119,,,,,23,31,,10.1016/j.ijbiomac.2018.07.146,,,0,0,0,0,0,0,0,0,0,0,0,0,0,0,0,0,0,0,0,0,0,0,0,0,0,0,0,0,0,0,0,0,0,0,0,0,0,0,0,0,0,0,0,0,0,0,0,0,0,0,0,0,0,0,0,0,0,0,0,0,0,0,0,0,0,0,0,0,0,0,0,0,0,0,0,0,0,0,0,0,0,0,0,0,0,0,0,0,0,0,0,0,0,0,0,0,0,0,0,0,0,0,0,0,0,0,0,0,0,0,0,0,0,0,0,0,0,0,0,0,0,0
Phospholipases A(2) purified from cottonmouth snake venoms display no antibacterial effect against four representative bacterial species,"Jia, Ying; Villarreal, Justin",,,,TOXICON,SEP 1 2018,2018,151,,,,,1,4,,10.1016/j.toxicon.2018.06.062,,,0,0,0,0,0,0,0,0,0,0,0,0,0,0,0,0,0,0,0,0,0,0,0,0,0,0,0,0,0,0,0,0,0,0,0,0,0,0,0,0,0,0,0,0,0,0,0,0,0,0,0,0,0,0,0,0,0,0,0,0,0,0,0,0,0,0,0,0,0,0,0,0,0,0,0,0,0,0,0,0,0,0,0,0,0,0,0,0,0,0,0,0,0,0,0,0,0,0,0,0,0,0,0,0,0,0,0,0,0,0,0,0,0,0,0,0,0,0,0,0,0,0
Microbial production of toxins from the scorpion venom: properties and applications,"Amorim, Fernanda Gobbi; Cordeiro, Francielle Almeida; Pinheiro-Junior, Ernesto Lopes; Boldrini-Franca, Johara; Arantes, Eliane Candiani",,,,APPLIED MICROBIOLOGY AND BIOTECHNOLOGY,18-Aug,2018,102,15,,,,6319,6331,,10.1007/s00253-018-9122-2,,,0,0,0,0,0,0,0,0,0,0,0,0,0,0,0,0,0,0,0,0,0,0,0,0,0,0,0,0,0,0,0,0,0,0,0,0,0,0,0,0,0,0,0,0,0,0,0,0,0,0,0,0,0,0,0,0,0,0,0,0,0,0,0,0,0,0,0,0,0,0,0,0,0,0,0,0,0,0,0,0,0,0,0,0,0,0,0,0,0,0,0,0,0,0,0,0,0,0,0,0,0,0,0,0,0,0,0,0,0,0,0,0,0,0,0,0,0,0,0,0,0,0
Nasal delivery of chitosan/alginate nanoparticle encapsulated bee (Apis mellifera) venom promotes antibody production and viral clearance during porcine reproductive and respiratory syndrome virus infection by modulating T cell related responses,"Lee, Jina; Kim, Yun-Mi; Kim, Ju-Heon; Cho, Cheong-Weon; Jeon, Jong-Woon; Park, Jin-Kyu; Lee, Sang-Ho; Jung, Bock-Gie; Lee, Bong-Joo",,,,VETERINARY IMMUNOLOGY AND IMMUNOPATHOLOGY,18-Jun,2018,200,,,,,40,51,,10.1016/j.vetimm.2018.04.006,,,0,0,0,0,0,0,0,0,0,0,0,0,0,0,0,0,0,0,0,0,0,0,0,0,0,0,0,0,0,0,0,0,0,0,0,0,0,0,0,0,0,0,0,0,0,0,0,0,0,0,0,0,0,0,0,0,0,0,0,0,0,0,0,0,0,0,0,0,0,0,0,0,0,0,0,0,0,0,0,0,0,0,0,0,0,0,0,0,0,0,0,0,0,0,0,0,0,0,0,0,0,0,0,0,0,0,0,0,0,0,0,0,0,0,0,0,0,0,0,0,0,0
Stenotrophomonas-Like Bacteria Are Widespread Symbionts in Cone Snail Venom Ducts,"Torres, Joshua P.; Tianero, Maria Diarey; Robes, Jose Miguel D.; Kwan, Jason C.; Biggs, Jason S.; Concepcion, Gisela P.; Olivera, Baldomero M.; Haygood, Margo G.; Schmidt, Eric W.",,,,APPLIED AND ENVIRONMENTAL MICROBIOLOGY,17-Dec,2017,83,23,,,,,,UNSP e01418-17,10.1128/AEM.01418-17,,,0,0,0,0,0,0,0,0,0,0,0,0,0,0,0,0,0,0,0,0,0,0,0,0,0,0,0,0,0,0,0,0,0,0,0,0,0,0,0,0,0,0,0,0,0,0,0,0,0,0,0,0,0,0,0,0,0,0,0,0,0,0,0,0,0,0,0,0,0,0,0,0,0,0,0,0,0,0,0,0,0,0,0,0,0,0,0,0,0,0,0,0,0,0,0,0,0,0,0,0,0,0,0,0,0,0,0,0,0,0,0,0,0,0,0,0,0,0,0,0,0,0
Improved System for Constructing Bacterial cDNA Libraries From the Venom Glands of Two Iranian Scorpions,"Soorki, Maryam Naderi; Galehdari, Hamid; Jalali, Amir; Baradaran, Masoumeh",,,,JUNDISHAPUR JOURNAL OF NATURAL PHARMACEUTICAL PRODUCTS,17-Aug,2017,12,3,,,,,,e36065,10.5812/jjnpp.36065,,,0,0,0,0,0,0,0,0,0,0,0,0,0,0,0,0,0,0,0,0,0,0,0,0,0,0,0,0,0,0,0,0,0,0,0,0,0,0,0,0,0,0,0,0,0,0,0,0,0,0,0,0,0,0,0,0,0,0,0,0,0,0,0,0,0,0,0,0,0,0,0,0,0,0,0,0,0,0,0,0,0,0,0,0,0,0,0,0,0,0,0,0,0,0,0,0,0,0,0,0,0,0,0,0,0,0,0,0,0,0,0,0,0,0,0,0,0,0,0,0,0,0
Isolation and identification of bacterial populations of zoonotic importance from captive non-venomous snakes in Malaysia,"Abba, Yusuf; Ilyasu, Yusuf Maina; Noordin, Mustapha Mohamed",,,,MICROBIAL PATHOGENESIS,17-Jul,2017,108,,,,,49,54,,10.1016/j.micpath.2017.04.038,,,0,0,0,0,0,0,0,0,0,0,0,0,0,0,0,0,0,0,0,0,0,0,0,0,0,0,0,0,0,0,0,0,0,0,0,0,0,0,0,0,0,0,0,0,0,0,0,0,0,0,0,0,0,0,0,0,0,0,0,0,0,0,0,0,0,0,0,0,0,0,0,0,0,0,0,0,0,0,0,0,0,0,0,0,0,0,0,0,0,0,0,0,0,0,0,0,0,0,0,0,0,0,0,0,0,0,0,0,0,0,0,0,0,0,0,0,0,0,0,0,0,0
"An Alternative Inactivant for Rift Valley Fever Virus using Cobra Venom-derived L-Amino Oxidase, which is Related to its Immune Potential","Al-Olayan, Ebtesam M.; Mohamed, Aly F.; El-Khadraqy, Manal F.; Shebl, Rania I.; Yehia, Hanry M.",,,,BRAZILIAN ARCHIVES OF BIOLOGY AND TECHNOLOGY,2016,2016,59,,,,,,,e16160044,10.1590/1678-4324-2016160044,,,0,0,0,0,0,0,0,0,0,0,0,0,0,0,0,0,0,0,0,0,0,0,0,0,0,0,0,0,0,0,0,0,0,0,0,0,0,0,0,0,0,0,0,0,0,0,0,0,0,0,0,0,0,0,0,0,0,0,0,0,0,0,0,0,0,0,0,0,0,0,0,0,0,0,0,0,0,0,0,0,0,0,0,0,0,0,0,0,0,0,0,0,0,0,0,0,0,0,0,0,0,0,0,0,0,0,0,0,0,0,0,0,0,0,0,0,0,0,0,0,0,0
A FURTHER STUDY ON THE PROTEOLYSIS OF PROTECTIVE PROTEINS BY MICROBIAL AND VENOM PROTEASES,"KUO, WN; GANESAN, U; DAVIS, DL; POITER, SB; FLANDERS, JR; JEAN, MN",,,,BIOCHEMICAL ARCHIVES,Feb-92,1992,8,1,,,,9,15,,,,,0,0,0,0,0,0,0,0,0,0,0,0,0,0,0,0,0,0,0,0,0,0,0,0,0,0,0,0,0,0,0,0,0,0,0,0,0,0,0,0,0,0,0,0,0,0,0,0,0,0,0,0,0,0,0,0,0,0,0,0,0,0,0,0,0,0,0,0,0,0,0,0,0,0,0,0,0,0,0,0,0,0,0,0,0,0,0,0,0,0,0,0,0,0,0,0,0,0,0,0,0,0,0,0,0,0,0,0,0,0,0,0,0,0,0,0,0,0,0,0,0,0
CROSS-NEUTRALIZATION WITH AID OF SERA OF ANIMALS AFFECTED WITH SERPENT VENOM OR ENCEPHALITIS VIRUS,"PAVLOVSKII, EN; TALYZIN, FF; PCHELKINA, AA",,,,DOKLADY AKADEMII NAUK SSSR,1964,1964,156,5,,,,1239,&,,,,,0,0,0,0,0,0,0,0,0,0,0,0,0,0,0,0,0,0,0,0,0,0,0,0,0,0,0,0,0,0,0,0,0,0,0,0,0,0,0,0,0,0,0,0,0,0,0,0,0,0,0,0,0,0,0,0,0,0,0,0,0,0,0,0,0,0,0,0,0,0,0,0,0,0,0,0,0,0,0,0,0,0,0,0,0,0,0,0,0,0,0,0,0,0,0,0,0,0,0,0,0,0,0,0,0,0,0,0,0,0,0,0,0,0,0,0,0,0,0,0,0,0
Vaccination against viper venom and experimental rabies by mixtures of virus-venom and excess virus,Phisalix,,,,COMPTES RENDUS HEBDOMADAIRES DES SEANCES DE L ACADEMIE DES SCIENCES,JUL-DEC 1928,1928,187,,,,,1006,1008,,,,,0,0,0,0,0,0,0,0,0,0,0,0,0,0,0,0,0,0,0,0,0,0,0,0,0,0,0,0,0,0,0,0,0,0,0,0,0,0,0,0,0,0,0,0,0,0,0,0,0,0,0,0,0,0,0,0,0,0,0,0,0,0,0,0,0,0,0,0,0,0,0,0,0,0,0,0,0,0,0,0,0,0,0,0,0,0,0,0,0,0,0,0,0,0,0,0,0,0,0,0,0,0,0,0,0,0,0,0,0,0,0,0,0,0,0,0,0,0,0,0,0,0